{"stats":{"minecraft:custom":{"minecraft:time_since_rest":236,"minecraft:sprint_one_cm":39707,"minecraft:damage_taken":449,"minecraft:walk_one_cm":49138,"minecraft:mob_kills":2,"minecraft:drop":4,"minecraft:damage_dealt":902,"minecraft:swim_one_cm":3668,"minecraft:interact_with_crafting_table":4,"minecraft:fly_one_cm":60166,"minecraft:open_chest":3,"minecraft:play_time":32804,"tombstone:undead_killed":1,"minecraft:deaths":2,"minecraft:walk_under_water_one_cm":1842,"minecraft:jump":657,"minecraft:leave_game":1,"minecraft:walk_on_water_one_cm":3561,"minecraft:time_since_death":505,"minecraft:sleep_in_bed":1,"minecraft:total_world_time":32804,"minecraft:fall_one_cm":17463},"minecraft:crafted":{"minecraft:oak_planks":28,"minecraft:crafting_table":1,"minecraft:stick":20,"minecraft:wooden_pickaxe":1,"minecraft:stone_pickaxe":2,"minecraft:stone_sword":1,"minecraft:torch":36,"minecraft:stone_axe":1},"minecraft:broken":{"minecraft:stone_pickaxe":1,"minecraft:wooden_pickaxe":1},"minecraft:used":{"minecraft:stone_sword":58,"minecraft:stone_pickaxe":137,"minecraft:wooden_pickaxe":59,"tombstone:grave_key":4,"minecraft:stone_axe":3,"minecraft:torch":25,"minecraft:dirt":18,"minecraft:crafting_table":4,"minecraft:andesite":2,"tombstone:gift":2,"minecraft:white_bed":1},"minecraft:dropped":{"minecraft:oak_log":1,"tombstone:grave_dust":3},"minecraft:mined":{"minecraft:white_bed":1,"minecraft:andesite":2,"minecraft:yellow_bed":1,"minecraft:crafting_table":4,"minecraft:coal_ore":106,"minecraft:grass_block":10,"minecraft:oak_log":8,"minecraft:dirt":16,"minecraft:stone":70},"minecraft:killed":{"grimoireofgaia:bone_knight":1},"minecraft:picked_up":{"minecraft:crafting_table":4,"minecraft:andesite":2,"minecraft:oak_log":8,"tombstone:grave_dust":2,"minecraft:white_bed":1,"minecraft:yellow_bed":1,"minecraft:redstone":2,"minecraft:dirt":26,"minecraft:gold_nugget":1,"minecraft:coal":106,"minecraft:cobblestone":68},"minecraft:killed_by":{"grimoireofgaia:bone_knight":1}},"DataVersion":3465}