{"stats":{"minecraft:killed":{"minecraft:pig":1},"minecraft:mined":{"minecraft:grass":11,"minecraft:acacia_log":6,"minecraft:grass_block":4,"minecraft:oak_log":12,"minecraft:acacia_leaves":1,"minecraft:dirt":1,"minecraft:oak_leaves":3},"minecraft:picked_up":{"minecraft:wheat_seeds":2,"minecraft:acacia_log":5,"minecraft:porkchop":2,"minecraft:oak_log":12,"minecraft:dirt":5},"minecraft:custom":{"minecraft:time_since_rest":3316,"minecraft:deaths":2,"minecraft:play_time":57808,"minecraft:sprint_one_cm":25949,"minecraft:damage_taken":668,"minecraft:walk_one_cm":11215,"minecraft:mob_kills":1,"minecraft:jump":262,"minecraft:damage_dealt":210,"minecraft:leave_game":2,"minecraft:time_since_death":3463,"minecraft:total_world_time":57808,"minecraft:fall_one_cm":7760,"minecraft:fly_one_cm":51231},"minecraft:used":{"minecraft:dirt":5,"tombstone:gift":1,"tombstone:grave_key":1},"minecraft:crafted":{"minecraft:oak_planks":48,"minecraft:acacia_planks":20},"minecraft:killed_by":{"grimoireofgaia:goblin":1,"minecraft:zombie":1}},"DataVersion":3465}