{"stats":{"minecraft:custom":{"minecraft:interact_with_furnace":12,"minecraft:mob_kills":20,"minecraft:interact_with_crafting_table":11,"minecraft:damage_dealt_resisted":0,"minecraft:leave_game":1,"minecraft:time_since_death":12505,"minecraft:sleep_in_bed":2,"minecraft:time_since_rest":4698,"minecraft:sprint_one_cm":58216,"minecraft:damage_taken":655,"minecraft:walk_one_cm":73694,"minecraft:trigger_trapped_chest":1,"minecraft:drop":4,"minecraft:damage_dealt":2749,"minecraft:swim_one_cm":3668,"minecraft:fly_one_cm":96254,"minecraft:open_chest":3,"minecraft:play_time":44804,"tombstone:undead_killed":1,"minecraft:deaths":2,"minecraft:sneak_time":13,"minecraft:walk_under_water_one_cm":1950,"minecraft:jump":894,"minecraft:walk_on_water_one_cm":3792,"minecraft:total_world_time":44804,"minecraft:fall_one_cm":25697},"minecraft:crafted":{"minecraft:cooked_beef":11,"minecraft:oak_planks":28,"minecraft:crafting_table":1,"minecraft:wooden_pickaxe":1,"minecraft:baked_potato":5,"minecraft:iron_sword":1,"minecraft:furnace":2,"minecraft:stone_axe":1,"minecraft:cooked_mutton":14,"minecraft:shield":1,"minecraft:stick":20,"minecraft:stone_pickaxe":2,"minecraft:stone_sword":1,"minecraft:torch":36},"minecraft:broken":{"minecraft:stone_pickaxe":1,"minecraft:wooden_pickaxe":1},"minecraft:used":{"minecraft:stone_sword":123,"minecraft:stone_pickaxe":138,"minecraft:baked_potato":3,"minecraft:wooden_pickaxe":59,"minecraft:torch":25,"minecraft:dirt":26,"minecraft:crafting_table":5,"minecraft:white_bed":1,"tombstone:grave_key":4,"minecraft:stone_axe":7,"minecraft:furnace":2,"minecraft:andesite":2,"tombstone:gift":2,"minecraft:yellow_bed":1},"minecraft:dropped":{"minecraft:oak_log":1,"tombstone:grave_dust":3},"minecraft:mined":{"minecraft:spruce_planks":1,"minecraft:white_bed":1,"minecraft:crafting_table":5,"minecraft:grass_block":10,"minecraft:tall_grass":1,"minecraft:furnace":1,"minecraft:andesite":2,"minecraft:tnt":2,"minecraft:yellow_bed":2,"minecraft:grass":12,"minecraft:oak_log":8,"minecraft:coal_ore":106,"minecraft:dirt":16,"minecraft:stone":70},"minecraft:killed":{"grimoireofgaia:bone_knight":1,"minecraft:sheep":9,"minecraft:cow":7},"minecraft:picked_up":{"minecraft:crafting_table":4,"minecraft:feather":2,"minecraft:andesite":2,"minecraft:leather":6,"minecraft:oak_log":8,"minecraft:yellow_bed":2,"minecraft:dirt":26,"minecraft:gold_nugget":1,"minecraft:spruce_planks":1,"minecraft:beef":11,"minecraft:iron_nugget":2,"minecraft:furnace":1,"tombstone:grave_dust":2,"minecraft:white_bed":1,"minecraft:redstone":2,"minecraft:tnt":1,"minecraft:rotten_flesh":1,"minecraft:mutton":14,"minecraft:coal":113,"minecraft:white_wool":9,"minecraft:cobblestone":68},"minecraft:killed_by":{"grimoireofgaia:bone_knight":1}},"DataVersion":3465}