{"stats":{"minecraft:custom":{"minecraft:time_since_rest":12761,"minecraft:sprint_one_cm":21423,"minecraft:damage_taken":10,"minecraft:walk_one_cm":23169,"minecraft:drop":1,"minecraft:swim_one_cm":3668,"minecraft:interact_with_crafting_table":3,"minecraft:fly_one_cm":32366,"minecraft:open_chest":3,"minecraft:play_time":20804,"minecraft:walk_under_water_one_cm":1583,"minecraft:jump":275,"minecraft:leave_game":1,"minecraft:walk_on_water_one_cm":2487,"minecraft:time_since_death":20804,"minecraft:sleep_in_bed":1,"minecraft:total_world_time":20804,"minecraft:fall_one_cm":6303},"minecraft:broken":{"minecraft:wooden_pickaxe":1},"minecraft:crafted":{"minecraft:oak_planks":28,"minecraft:crafting_table":1,"minecraft:stick":16,"minecraft:wooden_pickaxe":1,"minecraft:stone_pickaxe":1,"minecraft:stone_sword":1,"minecraft:torch":36,"minecraft:stone_axe":1},"minecraft:used":{"minecraft:stone_sword":1,"minecraft:stone_pickaxe":35,"minecraft:wooden_pickaxe":59,"minecraft:stone_axe":2,"minecraft:torch":6,"minecraft:dirt":8,"minecraft:crafting_table":3,"minecraft:andesite":2,"minecraft:white_bed":1},"minecraft:dropped":{"minecraft:oak_log":1},"minecraft:mined":{"minecraft:white_bed":1,"minecraft:andesite":2,"minecraft:yellow_bed":1,"minecraft:crafting_table":3,"minecraft:coal_ore":27,"minecraft:grass_block":3,"minecraft:oak_log":8,"minecraft:dirt":15,"minecraft:stone":52},"minecraft:picked_up":{"minecraft:crafting_table":3,"minecraft:andesite":2,"minecraft:oak_log":8,"minecraft:white_bed":1,"minecraft:yellow_bed":1,"minecraft:dirt":18,"minecraft:coal":27,"minecraft:cobblestone":50}},"DataVersion":3465}