{"stats":{"minecraft:dropped":{"minecraft:iron_sword":1,"minecraft:wheat_seeds":7,"minecraft:oak_log":1,"minecraft:rotten_flesh":1,"minecraft:feather":1,"minecraft:leather":6,"minecraft:spruce_stairs":1,"mysticalagriculture:inferium_essence":7,"tombstone:grave_dust":3,"minecraft:stone_bricks":9,"minecraft:spruce_slab":2,"sophisticatedbackpacks:copper_backpack":1},"minecraft:broken":{"minecraft:stone_pickaxe":1,"minecraft:wooden_pickaxe":1},"minecraft:picked_up":{"minecraft:crafting_table":5,"minecraft:feather":20,"minecraft:chicken":17,"minecraft:andesite":2,"minecraft:jungle_log":69,"minecraft:leather":6,"minecraft:oak_log":8,"minecraft:yellow_bed":3,"minecraft:dirt":43,"minecraft:string":1,"minecraft:item_frame":1,"minecraft:stone_bricks":9,"minecraft:wheat_seeds":7,"mysticalagriculture:inferium_essence":9,"minecraft:gold_nugget":1,"minecraft:spruce_planks":1,"minecraft:beef":11,"minecraft:iron_nugget":5,"minecraft:light_gray_wool":1,"minecraft:spruce_slab":2,"minecraft:iron_sword":1,"minecraft:furnace":2,"minecraft:book":3,"apotheosis:gem":1,"minecraft:torch":1,"minecraft:spruce_stairs":1,"tombstone:grave_dust":4,"minecraft:white_bed":1,"minecraft:redstone":2,"minecraft:tnt":1,"minecraft:rotten_flesh":6,"sophisticatedbackpacks:copper_backpack":2,"minecraft:mutton":25,"minecraft:coal":118,"minecraft:white_wool":16,"minecraft:cobblestone":68},"minecraft:killed_by":{"grimoireofgaia:bone_knight":1,"grimoireofgaia:minotaurus":1,"grimoireofgaia:harpy":1,"minecraft:zombie":1,"grimoireofgaia:goblin":1},"minecraft:used":{"minecraft:stone_sword":123,"minecraft:stone_pickaxe":141,"minecraft:baked_potato":5,"minecraft:wooden_pickaxe":59,"minecraft:shield":4,"minecraft:iron_sword":223,"minecraft:torch":26,"minecraft:dirt":26,"minecraft:tnt":1,"minecraft:crafting_table":5,"minecraft:white_bed":1,"minecraft:jungle_log":2,"tombstone:grave_key":5,"minecraft:stone_axe":8,"minecraft:furnace":2,"minecraft:andesite":2,"tombstone:gift":3,"minecraft:yellow_bed":2,"minecraft:cooked_beef":10},"minecraft:custom":{"minecraft:interact_with_furnace":12,"minecraft:mob_kills":60,"minecraft:interact_with_crafting_table":11,"minecraft:damage_dealt_resisted":66,"minecraft:leave_game":2,"minecraft:time_since_death":6171,"minecraft:sleep_in_bed":3,"minecraft:climb_one_cm":3916,"minecraft:damage_resisted":0,"minecraft:time_since_rest":6000,"minecraft:sprint_one_cm":117839,"minecraft:damage_taken":2667,"minecraft:walk_one_cm":122662,"minecraft:damage_blocked_by_shield":70,"minecraft:trigger_trapped_chest":2,"minecraft:drop":14,"minecraft:damage_dealt":8707,"minecraft:damage_dealt_absorbed":80,"minecraft:swim_one_cm":20241,"minecraft:fly_one_cm":228884,"minecraft:open_chest":5,"minecraft:play_time":69176,"tombstone:undead_killed":8,"minecraft:deaths":6,"minecraft:sneak_time":13,"minecraft:walk_under_water_one_cm":3866,"minecraft:jump":1812,"minecraft:walk_on_water_one_cm":6606,"minecraft:total_world_time":69176,"minecraft:fall_one_cm":55186},"minecraft:killed":{"grimoireofgaia:bone_knight":1,"minecraft:salmon":1,"minecraft:spider":2,"minecraft:sheep":17,"minecraft:zombie":7,"minecraft:chicken":17,"grimoireofgaia:harpy":5,"minecraft:cow":7},"minecraft:mined":{"minecraft:spruce_planks":1,"minecraft:white_bed":1,"minecraft:crafting_table":5,"minecraft:grass_block":12,"minecraft:tall_grass":5,"minecraft:furnace":2,"minecraft:andesite":2,"minecraft:tnt":3,"minecraft:yellow_bed":3,"minecraft:grass":61,"minecraft:oak_log":8,"minecraft:coal_ore":106,"minecraft:dirt":16,"minecraft:stone":70,"minecraft:fern":10},"minecraft:crafted":{"minecraft:cooked_beef":11,"minecraft:oak_planks":28,"minecraft:crafting_table":1,"minecraft:wooden_pickaxe":1,"minecraft:baked_potato":5,"minecraft:iron_sword":1,"minecraft:furnace":2,"minecraft:stone_axe":1,"minecraft:cooked_mutton":14,"minecraft:shield":1,"minecraft:stick":20,"minecraft:stone_pickaxe":2,"minecraft:stone_sword":1,"minecraft:torch":36}},"DataVersion":3465}