{"stats":{"minecraft:dropped":{"minecraft:iron_sword":1,"minecraft:wheat_seeds":7,"minecraft:oak_log":1,"minecraft:rotten_flesh":1,"minecraft:feather":1,"minecraft:leather":6,"minecraft:spruce_stairs":1,"mysticalagriculture:inferium_essence":7,"tombstone:grave_dust":3,"minecraft:stone_bricks":9,"minecraft:spruce_slab":2,"sophisticatedbackpacks:copper_backpack":1},"minecraft:broken":{"minecraft:stone_pickaxe":1,"minecraft:wooden_pickaxe":1},"minecraft:picked_up":{"minecraft:crafting_table":6,"minecraft:feather":20,"minecraft:chicken":17,"minecraft:andesite":2,"minecraft:jungle_log":69,"minecraft:leather":6,"minecraft:oak_log":8,"minecraft:yellow_bed":4,"minecraft:dirt":48,"minecraft:string":2,"minecraft:raw_copper":3,"minecraft:item_frame":1,"minecraft:stone_bricks":9,"minecraft:wheat_seeds":7,"mysticalagriculture:inferium_essence":14,"minecraft:gold_nugget":1,"minecraft:cobbled_deepslate":1,"minecraft:spruce_planks":1,"minecraft:beef":14,"minecraft:bamboo":30,"minecraft:iron_nugget":5,"minecraft:light_gray_wool":1,"minecraft:spruce_slab":2,"minecraft:iron_sword":1,"minecraft:egg":1,"minecraft:furnace":4,"minecraft:book":3,"minecraft:raw_iron":61,"apotheosis:gem":1,"minecraft:torch":2,"minecraft:spruce_stairs":1,"minecraft:diorite":2,"tombstone:grave_dust":4,"minecraft:white_bed":1,"minecraft:redstone":2,"minecraft:spider_eye":1,"minecraft:tnt":1,"minecraft:rotten_flesh":6,"minecraft:diamond":5,"evilcraft:dark_gem":62,"minecraft:granite":3,"sophisticatedbackpacks:copper_backpack":2,"minecraft:mutton":25,"minecraft:coal":193,"minecraft:white_wool":16,"minecraft:cobblestone":102},"minecraft:killed_by":{"minecraft:player":3,"grimoireofgaia:bone_knight":1,"grimoireofgaia:minotaurus":1,"grimoireofgaia:harpy":1,"minecraft:zombie":1,"grimoireofgaia:goblin":1},"minecraft:used":{"minecraft:stone_sword":123,"minecraft:stone_pickaxe":213,"minecraft:baked_potato":5,"minecraft:oak_planks":1,"minecraft:wooden_pickaxe":59,"minecraft:shield":13,"minecraft:iron_sword":263,"minecraft:torch":75,"minecraft:dirt":48,"minecraft:tnt":1,"minecraft:crafting_table":6,"minecraft:white_bed":1,"minecraft:iron_axe":1,"minecraft:iron_pickaxe":82,"minecraft:jungle_log":2,"tombstone:grave_key":6,"minecraft:light_gray_wool":1,"minecraft:stone_axe":8,"minecraft:cobblestone":24,"minecraft:furnace":4,"minecraft:andesite":2,"tombstone:gift":3,"minecraft:yellow_bed":3,"minecraft:cooked_beef":11},"minecraft:custom":{"minecraft:interact_with_furnace":22,"minecraft:mob_kills":64,"minecraft:interact_with_crafting_table":15,"minecraft:damage_dealt_resisted":66,"minecraft:leave_game":2,"minecraft:time_since_death":5965,"minecraft:sleep_in_bed":3,"minecraft:climb_one_cm":4298,"minecraft:damage_resisted":0,"minecraft:time_since_rest":5657,"minecraft:sprint_one_cm":168348,"minecraft:damage_taken":3986,"minecraft:walk_one_cm":172247,"minecraft:damage_blocked_by_shield":598,"minecraft:trigger_trapped_chest":2,"minecraft:drop":14,"minecraft:damage_dealt":9632,"minecraft:damage_dealt_absorbed":80,"minecraft:swim_one_cm":23635,"minecraft:fly_one_cm":323154,"minecraft:open_chest":5,"minecraft:crouch_one_cm":650,"minecraft:play_time":105176,"tombstone:undead_killed":8,"minecraft:deaths":10,"minecraft:sneak_time":222,"minecraft:walk_under_water_one_cm":6330,"minecraft:jump":2360,"minecraft:walk_on_water_one_cm":7800,"minecraft:total_world_time":105176,"minecraft:fall_one_cm":72987},"minecraft:killed":{"grimoireofgaia:bone_knight":1,"minecraft:salmon":1,"minecraft:spider":4,"minecraft:sheep":17,"minecraft:zombie":7,"minecraft:chicken":17,"grimoireofgaia:harpy":5,"minecraft:cow":8},"minecraft:mined":{"mysticalagriculture:prosperity_ore":1,"minecraft:diamond_ore":3,"minecraft:spruce_planks":1,"minecraft:white_bed":1,"minecraft:crafting_table":6,"minecraft:granite":1,"minecraft:grass_block":13,"minecraft:tall_grass":5,"minecraft:cobblestone":3,"minecraft:diorite":2,"mysticalagriculture:inferium_ore":1,"minecraft:wall_torch":1,"minecraft:furnace":4,"minecraft:iron_ore":40,"minecraft:andesite":2,"minecraft:tnt":3,"evilcraft:dark_ore":12,"minecraft:yellow_bed":4,"minecraft:grass":68,"minecraft:oak_log":8,"minecraft:coal_ore":161,"minecraft:deepslate_iron_ore":2,"minecraft:dirt":16,"minecraft:bamboo":5,"minecraft:stone":101,"minecraft:deepslate":1,"minecraft:fern":10},"minecraft:crafted":{"minecraft:cooked_beef":14,"minecraft:oak_planks":28,"minecraft:crafting_table":1,"minecraft:cooked_chicken":17,"minecraft:wooden_pickaxe":1,"minecraft:baked_potato":5,"minecraft:iron_sword":1,"minecraft:furnace":2,"minecraft:stone_axe":1,"minecraft:cooked_mutton":25,"minecraft:jungle_planks":268,"minecraft:shield":1,"minecraft:iron_axe":1,"minecraft:iron_pickaxe":1,"minecraft:stick":52,"minecraft:iron_ingot":18,"minecraft:stone_pickaxe":2,"minecraft:iron_leggings":1,"minecraft:stone_sword":1,"minecraft:torch":148}},"DataVersion":3465}