{"stats":{"minecraft:dropped":{"minecraft:iron_sword":1,"minecraft:wheat_seeds":7,"minecraft:oak_log":1,"minecraft:feather":1,"minecraft:leather":6,"minecraft:spruce_stairs":1,"tombstone:grave_dust":3,"minecraft:rotten_flesh":1,"mysticalagriculture:inferium_essence":7,"minecraft:stone_bricks":9,"minecraft:spruce_slab":2,"sophisticatedbackpacks:copper_backpack":1},"minecraft:mined":{"mysticalagriculture:prosperity_ore":1,"minecraft:diamond_ore":4,"minecraft:tuff":2,"minecraft:spruce_planks":1,"minecraft:white_bed":1,"minecraft:granite":2,"minecraft:grass_block":13,"mysticalagriculture:inferium_ore":1,"minecraft:spawner":1,"minecraft:furnace":6,"minecraft:iron_ore":103,"minecraft:andesite":3,"evilcraft:dark_ore":17,"minecraft:deepslate_iron_ore":60,"minecraft:bamboo":5,"minecraft:stone":150,"minecraft:crafting_table":8,"minecraft:tall_grass":5,"minecraft:cobblestone":4,"minecraft:deepslate_coal_ore":3,"minecraft:deepslate_gold_ore":12,"minecraft:diorite":2,"minecraft:wall_torch":1,"evilcraft:dark_ore_deepslate":3,"minecraft:tnt":3,"minecraft:yellow_bed":6,"minecraft:grass":68,"minecraft:oak_log":8,"minecraft:coal_ore":176,"minecraft:gravel":1,"minecraft:dirt":16,"minecraft:cobweb":2,"minecraft:cracked_stone_bricks":1,"minecraft:mossy_stone_bricks":1,"minecraft:gold_ore":7,"minecraft:deepslate":22,"minecraft:fern":10},"minecraft:crafted":{"minecraft:oak_planks":28,"minecraft:cooked_chicken":17,"minecraft:furnace":2,"minecraft:cooked_mutton":25,"minecraft:iron_axe":1,"minecraft:stone_pickaxe":2,"minecraft:chest":2,"minecraft:cooked_beef":14,"minecraft:diamond_sword":1,"minecraft:crafting_table":2,"minecraft:wooden_pickaxe":1,"minecraft:baked_potato":5,"minecraft:iron_sword":2,"minecraft:stone_axe":1,"minecraft:jungle_planks":268,"minecraft:shield":1,"minecraft:stick":180,"minecraft:iron_ingot":47,"minecraft:iron_pickaxe":2,"minecraft:stone_sword":1,"minecraft:gold_ingot":13,"minecraft:iron_leggings":1,"minecraft:torch":364},"minecraft:killed_by":{"minecraft:player":3,"minecraft:spider":1,"grimoireofgaia:goblin":1,"grimoireofgaia:arachne":1,"grimoireofgaia:bone_knight":3,"grimoireofgaia:minotaurus":1,"grimoireofgaia:deathword":1,"minecraft:skeleton":2,"grimoireofgaia:harpy":1,"minecraft:zombie":1,"grimoireofgaia:mimic":1,"grimoireofgaia:creep":1},"minecraft:picked_up":{"minecraft:crafting_table":9,"minecraft:chicken":17,"minecraft:turtle_helmet":1,"minecraft:string":13,"minecraft:iron_axe":1,"minecraft:raw_copper":3,"minecraft:item_frame":1,"minecraft:cracked_stone_bricks":1,"minecraft:cobbled_deepslate":27,"mysticalagriculture:inferium_essence":19,"minecraft:gold_nugget":4,"minecraft:spruce_planks":1,"minecraft:beef":14,"minecraft:iron_nugget":9,"minecraft:light_gray_wool":1,"minecraft:iron_pickaxe":1,"minecraft:spruce_slab":2,"minecraft:chest":1,"minecraft:furnace":8,"minecraft:egg":1,"minecraft:tipped_arrow":1,"minecraft:stick":2,"minecraft:raw_iron":217,"apotheosis:gem":2,"minecraft:torch":4,"mysticalagriculture:prosperity_shard":3,"minecraft:spruce_stairs":1,"tombstone:grave_dust":18,"minecraft:diorite":2,"minecraft:redstone":7,"tombstone:lollipop":2,"minecraft:tnt":1,"artifacts:lucky_scarf":1,"minecraft:arrow":6,"minecraft:rotten_flesh":16,"minecraft:saddle":1,"minecraft:gold_ingot":3,"sophisticatedbackpacks:copper_backpack":3,"evilcraft:condensed_blood":8,"minecraft:mutton":25,"minecraft:white_wool":16,"minecraft:cobblestone":179,"grimoireofgaia:metal_dagger":1,"minecraft:leather_chestplate":1,"minecraft:feather":20,"minecraft:andesite":3,"minecraft:jungle_log":69,"minecraft:leather":6,"paraglider:spirit_orb":2,"minecraft:tuff":2,"minecraft:oak_log":8,"minecraft:yellow_bed":6,"minecraft:lapis_lazuli":1,"minecraft:dirt":48,"minecraft:paper":3,"minecraft:cooked_mutton":21,"minecraft:bone":6,"minecraft:stone_bricks":9,"minecraft:bow":1,"minecraft:wheat_seeds":7,"minecraft:raw_gold":21,"minecraft:iron_ingot":2,"minecraft:cooked_chicken":17,"minecraft:mossy_stone_bricks":1,"minecraft:glass_bottle":1,"minecraft:bamboo":30,"minecraft:iron_sword":2,"minecraft:book":3,"minecraft:gravel":1,"minecraft:jungle_planks":32,"minecraft:white_bed":1,"minecraft:spider_eye":2,"grimoireofgaia:shiny_pearl":2,"minecraft:diamond":6,"evilcraft:dark_gem":101,"minecraft:granite":4,"minecraft:bread":4,"minecraft:coal":302},"minecraft:killed":{"minecraft:cave_spider":1,"minecraft:witch":1,"minecraft:spider":8,"minecraft:skeleton":4,"grimoireofgaia:ender_eye":1,"grimoireofgaia:mimic":1,"minecraft:chicken":17,"minecraft:drowned":1,"grimoireofgaia:flesh_lich":1,"minecraft:zombie_villager":1,"grimoireofgaia:bone_knight":4,"minecraft:salmon":1,"grimoireofgaia:cecaelia":1,"minecraft:sheep":17,"minecraft:zombie":19,"grimoireofgaia:deathword":2,"minecraft:stray":1,"grimoireofgaia:harpy":5,"grimoireofgaia:arachne":1,"minecraft:cow":8},"minecraft:custom":{"minecraft:mob_kills":99,"minecraft:interact_with_crafting_table":22,"minecraft:damage_dealt_resisted":1997,"minecraft:leave_game":4,"minecraft:time_since_death":11183,"minecraft:climb_one_cm":4298,"minecraft:damage_resisted":180,"minecraft:sprint_one_cm":273003,"minecraft:walk_one_cm":311376,"minecraft:damage_blocked_by_shield":1198,"minecraft:drop":14,"tombstone:eaten_lollipop":2,"minecraft:damage_dealt_absorbed":96,"minecraft:play_time":181565,"minecraft:deaths":19,"minecraft:sneak_time":222,"minecraft:walk_under_water_one_cm":31424,"minecraft:jump":4110,"minecraft:walk_on_water_one_cm":44299,"minecraft:total_world_time":181565,"minecraft:interact_with_furnace":30,"tombstone:raider_killed":1,"minecraft:sleep_in_bed":3,"minecraft:time_since_rest":10889,"minecraft:damage_taken":7827,"minecraft:trigger_trapped_chest":2,"minecraft:damage_dealt":22711,"tombstone:cast_on_ally":0,"minecraft:swim_one_cm":25611,"minecraft:fly_one_cm":466738,"minecraft:open_chest":27,"minecraft:crouch_one_cm":650,"tombstone:undead_killed":31,"minecraft:fall_one_cm":108025},"minecraft:used":{"minecraft:stone_sword":123,"minecraft:redstone":2,"minecraft:chest":3,"minecraft:shield":27,"minecraft:iron_sword":542,"tombstone:lollipop":2,"minecraft:cooked_chicken":6,"minecraft:torch":295,"minecraft:dirt":48,"tombstone:scroll_of_aquatic_life":2,"minecraft:granite":1,"minecraft:iron_axe":2,"minecraft:jungle_log":2,"minecraft:light_gray_wool":1,"minecraft:furnace":6,"tombstone:gift":5,"minecraft:cooked_beef":14,"minecraft:cobbled_deepslate":5,"minecraft:cooked_mutton":4,"minecraft:stone_pickaxe":213,"minecraft:baked_potato":5,"minecraft:oak_planks":1,"minecraft:wooden_pickaxe":59,"minecraft:tnt":1,"minecraft:crafting_table":10,"minecraft:white_bed":1,"minecraft:bread":8,"minecraft:iron_pickaxe":350,"tombstone:grave_key":7,"minecraft:stone_axe":8,"minecraft:diamond_sword":122,"minecraft:cobblestone":122,"minecraft:andesite":2,"minecraft:yellow_bed":5},"minecraft:broken":{"minecraft:wooden_pickaxe":1,"minecraft:stone_pickaxe":1,"minecraft:iron_pickaxe":1}},"DataVersion":3465}