{"stats":{"minecraft:custom":{"minecraft:interact_with_furnace":12,"minecraft:mob_kills":43,"minecraft:interact_with_crafting_table":11,"minecraft:damage_dealt_resisted":66,"minecraft:leave_game":2,"minecraft:time_since_death":5774,"minecraft:sleep_in_bed":3,"minecraft:climb_one_cm":1775,"minecraft:time_since_rest":3999,"minecraft:sprint_one_cm":96190,"minecraft:damage_taken":1764,"minecraft:walk_one_cm":111675,"minecraft:damage_blocked_by_shield":40,"minecraft:trigger_trapped_chest":2,"minecraft:drop":12,"minecraft:damage_dealt":5351,"minecraft:swim_one_cm":20241,"minecraft:fly_one_cm":165220,"minecraft:open_chest":5,"minecraft:play_time":60439,"tombstone:undead_killed":3,"minecraft:deaths":4,"minecraft:sneak_time":13,"minecraft:walk_under_water_one_cm":3866,"minecraft:jump":1427,"minecraft:walk_on_water_one_cm":6534,"minecraft:total_world_time":60439,"minecraft:fall_one_cm":46213},"minecraft:crafted":{"minecraft:cooked_beef":11,"minecraft:oak_planks":28,"minecraft:crafting_table":1,"minecraft:wooden_pickaxe":1,"minecraft:baked_potato":5,"minecraft:iron_sword":1,"minecraft:furnace":2,"minecraft:stone_axe":1,"minecraft:cooked_mutton":14,"minecraft:shield":1,"minecraft:stick":20,"minecraft:stone_pickaxe":2,"minecraft:stone_sword":1,"minecraft:torch":36},"minecraft:broken":{"minecraft:stone_pickaxe":1,"minecraft:wooden_pickaxe":1},"minecraft:used":{"minecraft:stone_sword":123,"minecraft:stone_pickaxe":139,"minecraft:baked_potato":5,"minecraft:shield":3,"minecraft:wooden_pickaxe":59,"minecraft:iron_sword":111,"minecraft:torch":26,"minecraft:dirt":26,"minecraft:tnt":1,"minecraft:crafting_table":5,"minecraft:white_bed":1,"tombstone:grave_key":4,"minecraft:stone_axe":8,"minecraft:furnace":2,"minecraft:andesite":2,"tombstone:gift":2,"minecraft:yellow_bed":2,"minecraft:cooked_beef":4},"minecraft:dropped":{"minecraft:iron_sword":1,"minecraft:wheat_seeds":7,"minecraft:oak_log":1,"minecraft:rotten_flesh":1,"minecraft:feather":1,"minecraft:spruce_stairs":1,"mysticalagriculture:inferium_essence":7,"tombstone:grave_dust":3,"minecraft:stone_bricks":9,"minecraft:spruce_slab":2},"minecraft:mined":{"minecraft:spruce_planks":1,"minecraft:white_bed":1,"minecraft:crafting_table":5,"minecraft:grass_block":12,"minecraft:tall_grass":2,"minecraft:furnace":2,"minecraft:andesite":2,"minecraft:tnt":3,"minecraft:yellow_bed":3,"minecraft:grass":43,"minecraft:oak_log":8,"minecraft:coal_ore":106,"minecraft:dirt":16,"minecraft:stone":70,"minecraft:fern":5},"minecraft:killed":{"grimoireofgaia:bone_knight":1,"minecraft:salmon":1,"minecraft:spider":1,"minecraft:sheep":10,"minecraft:zombie":2,"minecraft:chicken":16,"grimoireofgaia:harpy":2,"minecraft:cow":7},"minecraft:picked_up":{"minecraft:crafting_table":5,"minecraft:feather":20,"minecraft:jungle_log":69,"minecraft:chicken":16,"minecraft:andesite":2,"minecraft:leather":6,"minecraft:oak_log":8,"minecraft:yellow_bed":3,"minecraft:string":1,"minecraft:dirt":43,"minecraft:item_frame":1,"minecraft:stone_bricks":9,"mysticalagriculture:inferium_essence":7,"minecraft:wheat_seeds":7,"minecraft:gold_nugget":1,"minecraft:spruce_planks":1,"minecraft:beef":11,"minecraft:iron_nugget":4,"minecraft:spruce_slab":2,"minecraft:iron_sword":1,"minecraft:furnace":2,"minecraft:book":3,"apotheosis:gem":1,"minecraft:torch":1,"minecraft:spruce_stairs":1,"tombstone:grave_dust":4,"minecraft:white_bed":1,"minecraft:redstone":2,"minecraft:tnt":1,"minecraft:rotten_flesh":2,"minecraft:mutton":16,"minecraft:coal":118,"minecraft:white_wool":10,"minecraft:cobblestone":68},"minecraft:killed_by":{"grimoireofgaia:bone_knight":1,"grimoireofgaia:minotaurus":1,"grimoireofgaia:goblin":1}},"DataVersion":3465}