{"stats":{"minecraft:broken":{"minecraft:wooden_pickaxe":1,"minecraft:stone_pickaxe":1,"minecraft:iron_pickaxe":1},"minecraft:dropped":{"minecraft:iron_sword":1,"minecraft:wheat_seeds":7,"minecraft:oak_log":1,"minecraft:feather":1,"minecraft:leather":6,"minecraft:spruce_stairs":1,"tombstone:grave_dust":3,"minecraft:rotten_flesh":1,"mysticalagriculture:inferium_essence":7,"minecraft:stone_bricks":9,"minecraft:spruce_slab":2,"sophisticatedbackpacks:copper_backpack":1},"minecraft:picked_up":{"minecraft:crafting_table":7,"minecraft:chicken":17,"minecraft:string":11,"minecraft:raw_copper":3,"minecraft:item_frame":1,"minecraft:cracked_stone_bricks":1,"minecraft:cobbled_deepslate":5,"mysticalagriculture:inferium_essence":18,"minecraft:gold_nugget":2,"minecraft:spruce_planks":1,"minecraft:beef":14,"minecraft:iron_nugget":7,"minecraft:spruce_slab":2,"minecraft:light_gray_wool":1,"minecraft:furnace":4,"minecraft:egg":1,"minecraft:stick":2,"minecraft:raw_iron":158,"apotheosis:gem":2,"minecraft:torch":3,"minecraft:spruce_stairs":1,"tombstone:grave_dust":12,"minecraft:diorite":2,"minecraft:redstone":4,"tombstone:lollipop":1,"minecraft:tnt":1,"minecraft:arrow":4,"minecraft:rotten_flesh":11,"minecraft:saddle":1,"sophisticatedbackpacks:copper_backpack":2,"minecraft:mutton":25,"minecraft:white_wool":16,"minecraft:cobblestone":117,"minecraft:leather_chestplate":1,"minecraft:feather":20,"minecraft:jungle_log":69,"minecraft:andesite":2,"minecraft:leather":6,"minecraft:tuff":2,"minecraft:oak_log":8,"minecraft:yellow_bed":6,"minecraft:dirt":48,"minecraft:paper":3,"minecraft:bone":2,"minecraft:stone_bricks":9,"minecraft:wheat_seeds":7,"minecraft:raw_gold":16,"minecraft:mossy_stone_bricks":1,"minecraft:glass_bottle":1,"minecraft:bamboo":30,"minecraft:iron_sword":1,"minecraft:book":3,"minecraft:gravel":1,"minecraft:white_bed":1,"minecraft:spider_eye":1,"minecraft:diamond":5,"evilcraft:dark_gem":101,"minecraft:granite":3,"minecraft:bread":1,"minecraft:coal":218},"minecraft:killed_by":{"minecraft:player":3,"minecraft:spider":1,"grimoireofgaia:goblin":1,"grimoireofgaia:bone_knight":3,"grimoireofgaia:minotaurus":1,"grimoireofgaia:deathword":1,"minecraft:skeleton":2,"grimoireofgaia:harpy":1,"minecraft:zombie":1,"grimoireofgaia:mimic":1},"minecraft:used":{"minecraft:stone_sword":123,"minecraft:shield":23,"minecraft:iron_sword":503,"tombstone:lollipop":1,"minecraft:torch":232,"minecraft:dirt":48,"minecraft:iron_axe":2,"minecraft:jungle_log":2,"minecraft:light_gray_wool":1,"minecraft:furnace":6,"tombstone:gift":5,"minecraft:cooked_beef":13,"minecraft:cooked_mutton":4,"minecraft:stone_pickaxe":213,"minecraft:baked_potato":5,"minecraft:oak_planks":1,"minecraft:wooden_pickaxe":59,"minecraft:tnt":1,"minecraft:crafting_table":8,"minecraft:white_bed":1,"minecraft:bread":4,"minecraft:iron_pickaxe":239,"tombstone:grave_key":6,"minecraft:stone_axe":8,"minecraft:cobblestone":60,"minecraft:andesite":2,"minecraft:yellow_bed":5},"minecraft:custom":{"minecraft:mob_kills":83,"minecraft:interact_with_crafting_table":20,"minecraft:damage_dealt_resisted":1072,"minecraft:leave_game":2,"minecraft:time_since_death":4923,"minecraft:climb_one_cm":4298,"minecraft:damage_resisted":0,"minecraft:sprint_one_cm":221599,"minecraft:walk_one_cm":251243,"minecraft:damage_blocked_by_shield":1048,"minecraft:drop":14,"tombstone:eaten_lollipop":1,"minecraft:damage_dealt_absorbed":80,"minecraft:play_time":141176,"minecraft:deaths":17,"minecraft:sneak_time":222,"minecraft:walk_under_water_one_cm":11703,"minecraft:jump":3335,"minecraft:walk_on_water_one_cm":9981,"minecraft:total_world_time":141176,"minecraft:interact_with_furnace":26,"tombstone:raider_killed":1,"minecraft:sleep_in_bed":3,"minecraft:time_since_rest":4768,"minecraft:damage_taken":6285,"minecraft:trigger_trapped_chest":2,"minecraft:damage_dealt":16929,"minecraft:swim_one_cm":23635,"minecraft:fly_one_cm":393689,"minecraft:open_chest":7,"minecraft:crouch_one_cm":650,"tombstone:undead_killed":19,"minecraft:fall_one_cm":93426},"minecraft:killed":{"minecraft:witch":1,"minecraft:spider":8,"minecraft:skeleton":3,"grimoireofgaia:mimic":1,"minecraft:chicken":17,"grimoireofgaia:bone_knight":2,"minecraft:salmon":1,"minecraft:sheep":17,"minecraft:zombie":14,"grimoireofgaia:deathword":2,"grimoireofgaia:harpy":5,"minecraft:cow":8},"minecraft:mined":{"mysticalagriculture:prosperity_ore":1,"minecraft:diamond_ore":3,"minecraft:tuff":2,"minecraft:spruce_planks":1,"minecraft:white_bed":1,"minecraft:granite":1,"minecraft:grass_block":13,"mysticalagriculture:inferium_ore":1,"minecraft:furnace":4,"minecraft:iron_ore":84,"minecraft:andesite":2,"evilcraft:dark_ore":17,"minecraft:deepslate_iron_ore":34,"minecraft:bamboo":5,"minecraft:stone":117,"minecraft:crafting_table":7,"minecraft:tall_grass":5,"minecraft:cobblestone":3,"minecraft:deepslate_coal_ore":3,"minecraft:deepslate_gold_ore":9,"minecraft:diorite":2,"minecraft:wall_torch":1,"evilcraft:dark_ore_deepslate":3,"minecraft:tnt":3,"minecraft:yellow_bed":6,"minecraft:grass":68,"minecraft:coal_ore":176,"minecraft:oak_log":8,"minecraft:gravel":1,"minecraft:dirt":16,"minecraft:cracked_stone_bricks":1,"minecraft:mossy_stone_bricks":1,"minecraft:gold_ore":5,"minecraft:deepslate":4,"minecraft:fern":10},"minecraft:crafted":{"minecraft:oak_planks":28,"minecraft:cooked_chicken":17,"minecraft:furnace":2,"minecraft:cooked_mutton":25,"minecraft:iron_axe":1,"minecraft:stone_pickaxe":2,"minecraft:cooked_beef":14,"minecraft:crafting_table":1,"minecraft:baked_potato":5,"minecraft:wooden_pickaxe":1,"minecraft:iron_sword":2,"minecraft:stone_axe":1,"minecraft:jungle_planks":268,"minecraft:shield":1,"minecraft:stick":180,"minecraft:iron_ingot":18,"minecraft:iron_pickaxe":2,"minecraft:stone_sword":1,"minecraft:iron_leggings":1,"minecraft:torch":236}},"DataVersion":3465}