{"stats":{"minecraft:dropped":{"minecraft:iron_sword":1,"minecraft:wheat_seeds":7,"minecraft:oak_log":1,"minecraft:feather":1,"minecraft:leather":6,"minecraft:spruce_stairs":1,"tombstone:grave_dust":3,"minecraft:rotten_flesh":1,"mysticalagriculture:inferium_essence":7,"minecraft:stone_bricks":9,"minecraft:spruce_slab":2,"sophisticatedbackpacks:copper_backpack":1},"minecraft:mined":{"mysticalagriculture:prosperity_ore":1,"minecraft:diamond_ore":4,"minecraft:tuff":3,"minecraft:spruce_planks":1,"minecraft:white_bed":1,"minecraft:granite":2,"minecraft:grass_block":13,"mysticalagriculture:inferium_ore":1,"minecraft:spawner":1,"minecraft:furnace":6,"minecraft:iron_ore":140,"minecraft:andesite":4,"evilcraft:dark_ore":23,"minecraft:deepslate_iron_ore":77,"minecraft:bamboo":5,"minecraft:stone":173,"minecraft:torch":1,"minecraft:crafting_table":8,"minecraft:tall_grass":5,"minecraft:cobblestone":4,"minecraft:deepslate_coal_ore":3,"minecraft:deepslate_gold_ore":12,"minecraft:diorite":2,"minecraft:wall_torch":2,"evilcraft:dark_ore_deepslate":3,"minecraft:tnt":3,"minecraft:yellow_bed":6,"minecraft:grass":68,"minecraft:oak_log":8,"minecraft:coal_ore":176,"minecraft:gravel":1,"minecraft:dirt":16,"minecraft:cobweb":2,"minecraft:cracked_stone_bricks":1,"minecraft:mossy_stone_bricks":1,"minecraft:gold_ore":7,"minecraft:deepslate":25,"minecraft:fern":10},"minecraft:crafted":{"minecraft:oak_planks":28,"minecraft:cooked_chicken":17,"minecraft:furnace":2,"minecraft:cooked_mutton":25,"minecraft:iron_axe":1,"minecraft:stone_pickaxe":2,"minecraft:chest":2,"minecraft:cooked_beef":14,"minecraft:diamond_sword":1,"minecraft:crafting_table":2,"minecraft:wooden_pickaxe":1,"minecraft:baked_potato":5,"minecraft:iron_sword":2,"minecraft:stone_axe":1,"minecraft:jungle_planks":268,"minecraft:shield":1,"minecraft:stick":236,"minecraft:iron_ingot":47,"minecraft:iron_pickaxe":2,"minecraft:stone_sword":1,"minecraft:gold_ingot":13,"minecraft:iron_leggings":1,"minecraft:torch":466},"minecraft:killed_by":{"minecraft:player":3,"minecraft:spider":1,"grimoireofgaia:goblin":1,"grimoireofgaia:arachne":1,"grimoireofgaia:flesh_lich":1,"grimoireofgaia:bone_knight":3,"grimoireofgaia:minotaurus":1,"grimoireofgaia:deathword":1,"minecraft:skeleton":2,"grimoireofgaia:harpy":1,"minecraft:zombie":3,"grimoireofgaia:mimic":1,"grimoireofgaia:creep":1},"minecraft:picked_up":{"minecraft:crafting_table":9,"minecraft:chicken":17,"minecraft:turtle_helmet":1,"minecraft:string":13,"minecraft:iron_axe":1,"minecraft:raw_copper":6,"minecraft:item_frame":1,"minecraft:cracked_stone_bricks":1,"minecraft:cobbled_deepslate":30,"mysticalagriculture:inferium_essence":23,"minecraft:gold_nugget":6,"minecraft:spruce_planks":1,"minecraft:beef":14,"minecraft:iron_nugget":9,"minecraft:light_gray_wool":1,"minecraft:iron_pickaxe":1,"minecraft:spruce_slab":2,"minecraft:chest":1,"minecraft:furnace":8,"minecraft:egg":1,"minecraft:tipped_arrow":1,"minecraft:stick":2,"minecraft:raw_iron":287,"apotheosis:gem":3,"minecraft:torch":8,"mysticalagriculture:prosperity_shard":3,"minecraft:spruce_stairs":1,"tombstone:grave_dust":19,"minecraft:diorite":2,"minecraft:redstone":7,"tombstone:lollipop":3,"minecraft:tnt":1,"artifacts:lucky_scarf":1,"minecraft:arrow":8,"minecraft:rotten_flesh":24,"minecraft:saddle":1,"minecraft:gold_ingot":3,"sophisticatedbackpacks:copper_backpack":3,"evilcraft:condensed_blood":8,"minecraft:mutton":25,"minecraft:white_wool":16,"minecraft:cobblestone":211,"grimoireofgaia:metal_dagger":1,"minecraft:leather_chestplate":1,"minecraft:feather":20,"minecraft:andesite":4,"minecraft:jungle_log":69,"minecraft:leather":6,"paraglider:spirit_orb":2,"minecraft:tuff":3,"minecraft:oak_log":8,"minecraft:yellow_bed":6,"minecraft:gunpowder":1,"minecraft:lapis_lazuli":2,"minecraft:dirt":48,"minecraft:paper":3,"minecraft:cooked_mutton":21,"minecraft:bone":10,"minecraft:stone_bricks":9,"minecraft:bow":1,"minecraft:wheat_seeds":7,"minecraft:raw_gold":21,"minecraft:iron_ingot":2,"minecraft:cooked_chicken":17,"minecraft:mossy_stone_bricks":1,"minecraft:glass_bottle":1,"minecraft:bamboo":30,"minecraft:iron_sword":2,"minecraft:book":3,"minecraft:gravel":1,"minecraft:jungle_planks":32,"minecraft:white_bed":1,"minecraft:spider_eye":2,"grimoireofgaia:shiny_pearl":2,"minecraft:bundle":1,"minecraft:diamond":6,"evilcraft:dark_gem":135,"minecraft:granite":5,"minecraft:bread":4,"minecraft:coal":302},"minecraft:killed":{"minecraft:cave_spider":1,"minecraft:witch":1,"minecraft:spider":8,"minecraft:skeleton":7,"grimoireofgaia:ender_eye":1,"grimoireofgaia:mimic":1,"minecraft:chicken":17,"minecraft:drowned":3,"grimoireofgaia:flesh_lich":2,"minecraft:zombie_villager":1,"grimoireofgaia:bone_knight":6,"minecraft:salmon":1,"grimoireofgaia:cecaelia":1,"minecraft:creeper":2,"minecraft:sheep":17,"minecraft:zombie":29,"grimoireofgaia:deathword":2,"minecraft:stray":1,"grimoireofgaia:harpy":5,"grimoireofgaia:arachne":1,"minecraft:cow":8},"minecraft:custom":{"minecraft:mob_kills":120,"minecraft:interact_with_crafting_table":22,"minecraft:damage_dealt_resisted":1997,"minecraft:leave_game":4,"minecraft:time_since_death":503,"minecraft:climb_one_cm":4298,"minecraft:damage_resisted":192,"minecraft:sprint_one_cm":306782,"minecraft:walk_one_cm":352394,"minecraft:damage_blocked_by_shield":1633,"minecraft:drop":14,"tombstone:eaten_lollipop":3,"minecraft:damage_dealt_absorbed":96,"minecraft:play_time":205565,"minecraft:deaths":22,"minecraft:sneak_time":791,"minecraft:walk_under_water_one_cm":64065,"minecraft:jump":4646,"minecraft:walk_on_water_one_cm":72199,"minecraft:total_world_time":205565,"minecraft:interact_with_furnace":30,"tombstone:raider_killed":1,"minecraft:sleep_in_bed":3,"minecraft:time_since_rest":375,"minecraft:damage_taken":9279,"minecraft:trigger_trapped_chest":2,"minecraft:damage_dealt":27875,"tombstone:cast_on_ally":0,"minecraft:swim_one_cm":81896,"minecraft:fly_one_cm":513064,"minecraft:open_chest":27,"minecraft:crouch_one_cm":650,"tombstone:undead_killed":49,"minecraft:fall_one_cm":123911},"minecraft:used":{"minecraft:stone_sword":123,"minecraft:redstone":2,"minecraft:chest":3,"minecraft:shield":38,"minecraft:iron_sword":542,"tombstone:lollipop":3,"minecraft:cooked_chicken":16,"minecraft:torch":402,"minecraft:dirt":48,"tombstone:scroll_of_aquatic_life":2,"minecraft:jungle_planks":2,"minecraft:granite":1,"minecraft:iron_axe":2,"minecraft:jungle_log":2,"minecraft:light_gray_wool":1,"minecraft:furnace":6,"tombstone:gift":5,"minecraft:cooked_beef":14,"minecraft:cobbled_deepslate":7,"minecraft:cooked_mutton":4,"minecraft:stone_pickaxe":213,"minecraft:baked_potato":5,"minecraft:oak_planks":1,"minecraft:wooden_pickaxe":59,"minecraft:tnt":1,"minecraft:crafting_table":10,"minecraft:white_bed":1,"minecraft:bread":8,"minecraft:iron_pickaxe":439,"tombstone:grave_key":7,"minecraft:stone_axe":8,"minecraft:diamond_sword":243,"minecraft:cobblestone":148,"minecraft:andesite":3,"minecraft:yellow_bed":5},"minecraft:broken":{"minecraft:leather_chestplate":1,"minecraft:wooden_pickaxe":1,"minecraft:stone_pickaxe":1,"minecraft:iron_pickaxe":1}},"DataVersion":3465}