{"stats":{"minecraft:custom":{"minecraft:time_since_rest":2651,"minecraft:sprint_one_cm":38782,"minecraft:damage_taken":485,"minecraft:walk_one_cm":33945,"minecraft:mob_kills":4,"minecraft:damage_dealt":789,"minecraft:talked_to_villager":1,"minecraft:swim_one_cm":1948,"minecraft:interact_with_crafting_table":9,"minecraft:fly_one_cm":70563,"minecraft:open_chest":1,"minecraft:crouch_one_cm":932,"minecraft:play_time":37835,"tombstone:undead_killed":3,"minecraft:sneak_time":444,"minecraft:walk_under_water_one_cm":56,"minecraft:jump":337,"minecraft:damage_dealt_resisted":0,"minecraft:leave_game":5,"minecraft:walk_on_water_one_cm":1183,"minecraft:time_since_death":37835,"minecraft:sleep_in_bed":3,"minecraft:total_world_time":38306,"minecraft:fall_one_cm":10131},"minecraft:broken":{"minecraft:wooden_pickaxe":1},"minecraft:crafted":{"minecraft:oak_planks":76,"minecraft:shield":1,"minecraft:crafting_table":2,"minecraft:stick":4,"minecraft:iron_pickaxe":1,"minecraft:wooden_pickaxe":1,"minecraft:stone_pickaxe":1,"minecraft:stone_sword":1,"minecraft:torch":12,"minecraft:bread":69,"minecraft:wheat":207},"minecraft:used":{"minecraft:stone_sword":5,"minecraft:bread":10,"minecraft:stone_pickaxe":44,"minecraft:oak_planks":1,"minecraft:wooden_pickaxe":42,"minecraft:torch":10,"minecraft:crafting_table":2},"minecraft:mined":{"minecraft:hay_block":23,"minecraft:crafting_table":1,"minecraft:torch":1,"minecraft:grass":5,"minecraft:coal_ore":9,"minecraft:oak_log":19,"minecraft:tall_grass":2,"minecraft:stone":52,"minecraft:oak_planks":1,"minecraft:oak_leaves":8},"minecraft:killed":{"minecraft:zombie":3},"minecraft:picked_up":{"minecraft:stick":7,"minecraft:crafting_table":1,"minecraft:torch":1,"minecraft:oak_log":19,"tombstone:grave_dust":2,"minecraft:rotten_flesh":5,"mysticalagriculture:inferium_essence":1,"minecraft:hay_block":23,"minecraft:oak_sapling":5,"minecraft:oak_planks":1,"minecraft:coal":9,"minecraft:cobblestone":52}},"DataVersion":3465}