{"stats":{"minecraft:broken":{"minecraft:stone_axe":1,"minecraft:stone_sword":2,"minecraft:iron_pickaxe":1,"minecraft:wooden_pickaxe":1},"minecraft:dropped":{"minecraft:oak_planks":1,"minecraft:iron_boots":1,"minecraft:leather":2,"minecraft:dirt":2,"tombstone:bag_of_seeds":1,"apotheosis:gem":2,"tombstone:grave_dust":2,"minecraft:arrow":2,"minecraft:bone":5},"minecraft:picked_up":{"minecraft:birch_log":52,"minecraft:crafting_table":1,"minecraft:chainmail_boots":1,"minecraft:andesite":2,"minecraft:leather":13,"paraglider:spirit_orb":2,"minecraft:oak_log":19,"evilcraft:flesh_humanoid":1,"minecraft:dirt":9,"minecraft:string":3,"minecraft:raw_copper":1,"botania:black_mystical_flower":4,"minecraft:iron_shovel":1,"minecraft:bone":10,"minecraft:gold_nugget":1,"mysticalagriculture:inferium_essence":91,"minecraft:beef":12,"tombstone:bag_of_seeds":3,"minecraft:iron_nugget":2,"minecraft:chest":1,"minecraft:oak_planks":2,"minecraft:egg":2,"minecraft:iron_boots":1,"minecraft:book":22,"minecraft:raw_iron":8,"grimoireofgaia:zombie_staff":1,"minecraft:stick":7,"apotheosis:gem":9,"botania:yellow_double_flower":1,"minecraft:torch":7,"tombstone:grave_dust":10,"minecraft:diorite":1,"minecraft:redstone":1,"tombstone:lollipop":2,"minecraft:bundle":1,"minecraft:arrow":5,"minecraft:rotten_flesh":33,"minecraft:chainmail_leggings":1,"evilcraft:dark_gem":32,"minecraft:hay_block":23,"minecraft:granite":2,"minecraft:chainmail_helmet":1,"tombstone:magic_scroll":1,"minecraft:oak_sapling":5,"minecraft:mutton":3,"minecraft:coal":235,"minecraft:white_wool":3,"minecraft:cobblestone":124},"minecraft:killed_by":{"grimoireofgaia:bone_knight":1,"grimoireofgaia:minotaurus":2},"minecraft:used":{"minecraft:stone_sword":271,"minecraft:stone_pickaxe":44,"minecraft:oak_planks":1,"minecraft:wooden_pickaxe":42,"minecraft:chest":3,"minecraft:shield":77,"botania:black_mystical_flower":4,"tombstone:lollipop":2,"minecraft:torch":136,"minecraft:white_wool":2,"minecraft:dirt":6,"minecraft:crafting_table":4,"minecraft:granite":1,"minecraft:apple":2,"minecraft:iron_axe":2,"minecraft:bread":57,"minecraft:iron_pickaxe":354,"tombstone:grave_key":1,"minecraft:stone_axe":46,"minecraft:cobblestone":5,"minecraft:furnace":2,"minecraft:birch_log":12,"tombstone:gift":4,"minecraft:egg":2,"minecraft:cooked_beef":3},"minecraft:custom":{"minecraft:interact_with_furnace":10,"minecraft:mob_kills":62,"minecraft:interact_with_crafting_table":22,"minecraft:open_barrel":2,"minecraft:damage_dealt_resisted":0,"minecraft:leave_game":7,"minecraft:time_since_death":4359,"minecraft:sleep_in_bed":7,"minecraft:climb_one_cm":3417,"minecraft:damage_resisted":0,"minecraft:time_since_rest":4156,"minecraft:sprint_one_cm":271724,"minecraft:damage_taken":3780,"minecraft:walk_one_cm":227152,"minecraft:damage_blocked_by_shield":2404,"minecraft:trigger_trapped_chest":4,"minecraft:drop":10,"tombstone:eaten_lollipop":2,"minecraft:damage_dealt":13151,"minecraft:swim_one_cm":3432,"minecraft:talked_to_villager":1,"minecraft:player_kills":3,"minecraft:fly_one_cm":476156,"minecraft:open_chest":19,"minecraft:crouch_one_cm":9324,"minecraft:play_time":121762,"tombstone:undead_killed":34,"minecraft:deaths":3,"minecraft:sneak_time":5435,"minecraft:walk_under_water_one_cm":2985,"minecraft:jump":2355,"minecraft:walk_on_water_one_cm":3064,"minecraft:fall_one_cm":69588,"minecraft:total_world_time":122233},"minecraft:mined":{"minecraft:crafting_table":1,"minecraft:torch":1,"minecraft:granite":1,"botania:yellow_double_flower":1,"minecraft:grass_block":9,"minecraft:chest":1,"minecraft:tall_grass":13,"minecraft:oak_planks":1,"mysticalagriculture:inferium_ore":25,"minecraft:diorite":1,"botania:black_mystical_flower":4,"minecraft:spawner":2,"minecraft:hay_block":23,"minecraft:birch_log":5,"minecraft:iron_ore":8,"minecraft:fire":2,"minecraft:andesite":2,"minecraft:birch_leaves":1,"evilcraft:dark_ore":7,"minecraft:grass":20,"minecraft:bookshelf":7,"minecraft:oak_log":19,"minecraft:coal_ore":237,"minecraft:dirt":4,"minecraft:stone":115,"minecraft:oak_leaves":8,"minecraft:fern":5},"minecraft:killed":{"minecraft:piglin":5,"minecraft:pig":1,"grimoireofgaia:bone_knight":1,"minecraft:spider":4,"grimoireofgaia:minotaurus":1,"minecraft:sheep":3,"minecraft:skeleton":4,"grimoireofgaia:mimic":1,"minecraft:zombie":29,"grimoireofgaia:deathword":1,"grimoireofgaia:werecat":1,"minecraft:cow":7},"minecraft:crafted":{"minecraft:cooked_beef":3,"minecraft:oak_planks":76,"minecraft:crafting_table":3,"minecraft:iron_sword":1,"minecraft:wooden_pickaxe":1,"minecraft:furnace":2,"minecraft:birch_planks":64,"minecraft:stone_axe":1,"patchouli:guide_book":1,"minecraft:bread":69,"minecraft:air":0,"minecraft:shield":1,"minecraft:iron_axe":1,"minecraft:stick":84,"minecraft:iron_ingot":4,"minecraft:iron_pickaxe":2,"minecraft:stone_pickaxe":1,"minecraft:stone_sword":2,"minecraft:chest":2,"minecraft:torch":144,"minecraft:wheat":207}},"DataVersion":3465}