{"stats":{"minecraft:custom":{"minecraft:mob_kills":29,"minecraft:interact_with_crafting_table":9,"minecraft:damage_dealt_resisted":0,"minecraft:leave_game":5,"minecraft:time_since_death":4691,"minecraft:sleep_in_bed":3,"minecraft:time_since_rest":4619,"minecraft:sprint_one_cm":101639,"minecraft:damage_taken":1525,"minecraft:walk_one_cm":93348,"minecraft:damage_blocked_by_shield":245,"tombstone:eaten_lollipop":1,"minecraft:damage_dealt":5776,"minecraft:swim_one_cm":3432,"minecraft:talked_to_villager":1,"minecraft:fly_one_cm":168017,"minecraft:open_chest":3,"minecraft:crouch_one_cm":4730,"minecraft:play_time":61835,"tombstone:undead_killed":23,"minecraft:deaths":2,"minecraft:sneak_time":2912,"minecraft:walk_under_water_one_cm":2985,"minecraft:jump":874,"minecraft:walk_on_water_one_cm":3064,"minecraft:total_world_time":62306,"minecraft:fall_one_cm":24595},"minecraft:broken":{"minecraft:stone_sword":1,"minecraft:wooden_pickaxe":1},"minecraft:crafted":{"minecraft:oak_planks":76,"minecraft:crafting_table":2,"minecraft:wooden_pickaxe":1,"minecraft:bread":69,"minecraft:shield":1,"minecraft:stick":36,"minecraft:iron_pickaxe":1,"minecraft:stone_pickaxe":1,"minecraft:stone_sword":1,"minecraft:torch":144,"minecraft:wheat":207},"minecraft:used":{"minecraft:stone_sword":131,"minecraft:stone_pickaxe":44,"minecraft:oak_planks":1,"minecraft:wooden_pickaxe":42,"minecraft:shield":6,"tombstone:lollipop":1,"minecraft:torch":71,"minecraft:crafting_table":2,"minecraft:granite":1,"minecraft:bread":20,"minecraft:iron_pickaxe":186,"minecraft:cobblestone":2},"minecraft:mined":{"minecraft:crafting_table":1,"minecraft:torch":1,"minecraft:granite":1,"botania:yellow_double_flower":1,"minecraft:tall_grass":13,"minecraft:oak_planks":1,"minecraft:diorite":1,"mysticalagriculture:inferium_ore":14,"minecraft:spawner":1,"minecraft:hay_block":23,"minecraft:iron_ore":4,"evilcraft:dark_ore":6,"minecraft:grass":8,"minecraft:oak_log":19,"minecraft:coal_ore":121,"minecraft:stone":84,"minecraft:oak_leaves":8},"minecraft:killed":{"minecraft:spider":1,"grimoireofgaia:minotaurus":1,"minecraft:sheep":1,"minecraft:skeleton":1,"minecraft:zombie":22,"grimoireofgaia:deathword":1,"minecraft:cow":1},"minecraft:picked_up":{"minecraft:crafting_table":1,"minecraft:oak_log":19,"evilcraft:flesh_humanoid":1,"minecraft:raw_copper":1,"minecraft:bone":4,"mysticalagriculture:inferium_essence":46,"tombstone:bag_of_seeds":1,"minecraft:iron_nugget":1,"minecraft:oak_planks":1,"minecraft:book":1,"grimoireofgaia:zombie_staff":1,"minecraft:stick":7,"minecraft:raw_iron":4,"apotheosis:gem":2,"botania:yellow_double_flower":1,"minecraft:torch":6,"tombstone:grave_dust":6,"tombstone:lollipop":2,"minecraft:bundle":1,"minecraft:arrow":1,"minecraft:rotten_flesh":24,"minecraft:chainmail_leggings":1,"evilcraft:dark_gem":27,"minecraft:hay_block":23,"minecraft:granite":2,"tombstone:magic_scroll":1,"minecraft:oak_sapling":5,"minecraft:coal":120,"minecraft:white_wool":1,"minecraft:cobblestone":88},"minecraft:killed_by":{"grimoireofgaia:minotaurus":2}},"DataVersion":3465}