{"stats":{"minecraft:picked_up":{"minecraft:rotten_flesh":3,"minecraft:turtle_helmet":1,"minecraft:wheat_seeds":15,"minecraft:sand":2,"minecraft:dirt":31},"minecraft:killed_by":{"grimoireofgaia:orc":3,"grimoireofgaia:goblin":1,"minecraft:zombie":2},"minecraft:used":{"minecraft:dirt":28,"minecraft:sand":2,"tombstone:grave_key":1,"minecraft:bell":1,"evilcraft:flesh_humanoid":1},"minecraft:killed":{"minecraft:zombie":2,"minecraft:cow":1},"minecraft:mined":{"minecraft:grass":81,"minecraft:grass_block":30,"minecraft:sand":2,"minecraft:dirt":2,"minecraft:tall_grass":19},"minecraft:custom":{"minecraft:open_chest":1,"minecraft:time_since_rest":1,"minecraft:damage_taken":1624,"minecraft:play_time":62709,"minecraft:crouch_one_cm":25,"minecraft:walk_one_cm":33576,"minecraft:sprint_one_cm":45488,"tombstone:undead_killed":2,"minecraft:deaths":6,"minecraft:sneak_time":24,"minecraft:mob_kills":3,"minecraft:jump":493,"minecraft:damage_dealt_resisted":0,"minecraft:damage_dealt":706,"minecraft:leave_game":5,"minecraft:time_since_death":82,"minecraft:walk_on_water_one_cm":7451,"minecraft:total_world_time":62709,"minecraft:fall_one_cm":11062,"minecraft:fly_one_cm":95468}},"DataVersion":3465}