{"stats":{"minecraft:broken":{"minecraft:stone_sword":2,"minecraft:wooden_pickaxe":1,"minecraft:shield":1,"minecraft:stone_axe":1,"minecraft:iron_pickaxe":1},"minecraft:dropped":{"minecraft:leather":2,"minecraft:chainmail_helmet":1,"minecraft:dirt":2,"tombstone:bag_of_seeds":1,"tombstone:grave_dust":2,"minecraft:bone":5,"minecraft:crimson_fungus":128,"minecraft:iron_nugget":1,"minecraft:rotten_flesh":2,"minecraft:oak_planks":1,"minecraft:iron_boots":1,"apotheosis:gem":3,"minecraft:arrow":2,"botania:lime_mushroom":4},"minecraft:picked_up":{"minecraft:crafting_table":1,"minecraft:chainmail_boots":1,"minecraft:turtle_helmet":1,"minecraft:string":3,"minecraft:raw_copper":1,"minecraft:iron_shovel":1,"mysticalagriculture:inferium_essence":95,"minecraft:gold_nugget":1,"minecraft:cobbled_deepslate":17,"minecraft:beef":12,"minecraft:iron_nugget":3,"minecraft:chest":1,"minecraft:iron_boots":1,"minecraft:egg":2,"minecraft:stick":7,"minecraft:raw_iron":47,"apotheosis:gem":10,"minecraft:torch":7,"mysticalagriculture:prosperity_shard":40,"tombstone:grave_dust":10,"minecraft:diorite":1,"minecraft:redstone":3,"tombstone:lollipop":2,"minecraft:arrow":6,"minecraft:rotten_flesh":38,"minecraft:hay_block":23,"minecraft:saddle":1,"minecraft:mutton":3,"minecraft:cobblestone":131,"minecraft:white_wool":3,"minecraft:birch_log":54,"minecraft:andesite":2,"minecraft:leather":13,"paraglider:spirit_orb":2,"minecraft:crimson_fungus":128,"minecraft:oak_log":19,"evilcraft:flesh_humanoid":1,"minecraft:gunpowder":4,"minecraft:dirt":9,"botania:black_mystical_flower":4,"minecraft:bone":10,"minecraft:iron_ingot":1,"tombstone:bag_of_seeds":3,"minecraft:oak_planks":2,"minecraft:book":22,"grimoireofgaia:zombie_staff":1,"botania:yellow_double_flower":1,"botania:lime_mushroom":5,"minecraft:leather_helmet":1,"tombstone:scroll_of_mercy":1,"minecraft:bundle":1,"minecraft:diamond":2,"minecraft:chainmail_leggings":1,"evilcraft:dark_gem":72,"minecraft:granite":2,"minecraft:chainmail_helmet":2,"tombstone:magic_scroll":1,"minecraft:oak_sapling":5,"minecraft:coal":260},"minecraft:killed_by":{"grimoireofgaia:bone_knight":2,"grimoireofgaia:minotaurus":2,"minecraft:witch":1},"minecraft:used":{"minecraft:stone_sword":271,"minecraft:chest":3,"minecraft:shield":89,"minecraft:iron_sword":85,"botania:black_mystical_flower":4,"tombstone:lollipop":2,"minecraft:torch":247,"minecraft:dirt":6,"minecraft:granite":1,"minecraft:iron_axe":17,"minecraft:furnace":2,"tombstone:gift":4,"minecraft:egg":2,"minecraft:cooked_beef":3,"tombstone:scroll_of_mercy":1,"minecraft:stone_pickaxe":44,"minecraft:oak_planks":1,"minecraft:wooden_pickaxe":42,"minecraft:white_wool":2,"minecraft:crafting_table":5,"minecraft:apple":2,"minecraft:bread":67,"minecraft:iron_pickaxe":464,"tombstone:grave_key":3,"minecraft:stone_axe":46,"minecraft:cobblestone":16,"minecraft:birch_log":12},"minecraft:custom":{"minecraft:mob_kills":72,"minecraft:interact_with_crafting_table":24,"minecraft:open_barrel":2,"minecraft:damage_dealt_resisted":0,"minecraft:leave_game":7,"minecraft:time_since_death":5851,"minecraft:climb_one_cm":3417,"minecraft:damage_resisted":0,"minecraft:sprint_one_cm":336316,"minecraft:walk_one_cm":287064,"minecraft:damage_blocked_by_shield":2854,"minecraft:drop":25,"tombstone:eaten_lollipop":2,"minecraft:talked_to_villager":1,"minecraft:play_time":157762,"minecraft:deaths":5,"minecraft:sneak_time":6837,"minecraft:walk_under_water_one_cm":2985,"minecraft:jump":2883,"minecraft:walk_on_water_one_cm":3078,"minecraft:total_world_time":158233,"minecraft:interact_with_furnace":10,"tombstone:raider_killed":1,"minecraft:sleep_in_bed":7,"minecraft:time_since_rest":5690,"minecraft:damage_taken":5070,"minecraft:trigger_trapped_chest":4,"minecraft:damage_dealt":17052,"tombstone:cast_on_ally":0,"minecraft:swim_one_cm":3432,"minecraft:fly_one_cm":520850,"minecraft:player_kills":3,"minecraft:open_chest":24,"minecraft:crouch_one_cm":12798,"tombstone:undead_killed":42,"minecraft:fall_one_cm":91655},"minecraft:killed":{"minecraft:witch":1,"minecraft:spider":4,"grimoireofgaia:minotaurus":1,"minecraft:skeleton":7,"grimoireofgaia:mimic":2,"minecraft:piglin":5,"minecraft:pig":1,"grimoireofgaia:bone_knight":2,"minecraft:sheep":3,"minecraft:zombie":33,"grimoireofgaia:deathword":1,"grimoireofgaia:werecat":1,"minecraft:cow":7},"minecraft:mined":{"minecraft:tuff":2,"minecraft:deepslate_diamond_ore":2,"minecraft:granite":1,"minecraft:grass_block":9,"mysticalagriculture:inferium_ore":26,"minecraft:spawner":2,"minecraft:hay_block":23,"minecraft:iron_ore":23,"minecraft:fire":2,"minecraft:andesite":2,"evilcraft:dark_ore":8,"minecraft:bookshelf":7,"minecraft:deepslate_iron_ore":24,"minecraft:stone":119,"botania:lime_mushroom":1,"minecraft:crafting_table":1,"minecraft:torch":2,"botania:yellow_double_flower":1,"minecraft:chest":1,"minecraft:tall_grass":13,"minecraft:cobblestone":2,"minecraft:oak_planks":1,"minecraft:diorite":1,"botania:black_mystical_flower":4,"evilcraft:dark_ore_deepslate":8,"minecraft:birch_log":5,"minecraft:birch_leaves":1,"minecraft:grass":20,"minecraft:coal_ore":262,"minecraft:oak_log":19,"minecraft:dirt":4,"mysticalagriculture:deepslate_prosperity_ore":13,"minecraft:oak_leaves":8,"minecraft:deepslate":13,"minecraft:fern":5},"minecraft:crafted":{"minecraft:oak_planks":76,"minecraft:furnace":2,"patchouli:guide_book":1,"minecraft:iron_axe":1,"minecraft:stone_pickaxe":1,"minecraft:chest":3,"minecraft:wheat":207,"minecraft:cooked_beef":3,"sophisticatedbackpacks:backpack":1,"minecraft:crafting_table":4,"minecraft:wooden_pickaxe":1,"minecraft:iron_sword":1,"minecraft:birch_planks":68,"minecraft:stone_axe":1,"minecraft:bread":69,"minecraft:air":0,"minecraft:shield":1,"minecraft:stick":116,"minecraft:iron_ingot":4,"minecraft:iron_pickaxe":2,"minecraft:stone_sword":2,"minecraft:torch":372}},"DataVersion":3465}