{"stats":{"minecraft:used":{"minecraft:stone_sword":46,"minecraft:bread":5,"minecraft:stone_pickaxe":77,"tombstone:magic_scroll":1,"minecraft:wooden_pickaxe":20,"tombstone:grave_key":1,"minecraft:stone_axe":6,"minecraft:torch":56,"tombstone:scroll_of_preservation":1,"minecraft:crafting_table":2},"minecraft:custom":{"minecraft:time_since_rest":18444,"minecraft:sprint_one_cm":56088,"minecraft:damage_taken":523,"minecraft:walk_one_cm":33594,"minecraft:mob_kills":13,"minecraft:drop":1,"minecraft:damage_dealt":2335,"tombstone:cast_on_ally":0,"minecraft:swim_one_cm":1948,"minecraft:interact_with_crafting_table":4,"minecraft:fly_one_cm":78125,"minecraft:open_chest":3,"minecraft:crouch_one_cm":2842,"minecraft:play_time":30212,"tombstone:undead_killed":10,"minecraft:deaths":1,"minecraft:sneak_time":1835,"minecraft:walk_under_water_one_cm":56,"minecraft:jump":386,"minecraft:damage_dealt_resisted":0,"minecraft:leave_game":1,"minecraft:time_since_death":18669,"minecraft:walk_on_water_one_cm":1183,"minecraft:total_world_time":30331,"minecraft:fall_one_cm":11900},"minecraft:picked_up":{"minecraft:stick":9,"minecraft:crafting_table":2,"apotheosis:gem":1,"minecraft:oak_log":21,"tombstone:grave_dust":1,"minecraft:diorite":2,"minecraft:rotten_flesh":8,"mysticalagriculture:inferium_essence":2,"minecraft:hay_block":23,"minecraft:oak_sapling":8,"minecraft:oak_planks":1,"minecraft:mutton":3,"minecraft:coal":68,"minecraft:cobblestone":24,"minecraft:white_wool":3},"minecraft:killed_by":{"grimoireofgaia:orc":1},"minecraft:crafted":{"minecraft:oak_planks":24,"minecraft:crafting_table":1,"minecraft:stick":32,"minecraft:wooden_pickaxe":1,"minecraft:stone_pickaxe":1,"minecraft:stone_sword":1,"minecraft:torch":136,"minecraft:stone_axe":1,"minecraft:bread":69,"minecraft:wheat":207},"minecraft:dropped":{"minecraft:oak_planks":1},"minecraft:killed":{"minecraft:sheep":3,"minecraft:zombie":10},"minecraft:mined":{"minecraft:hay_block":23,"minecraft:crafting_table":2,"minecraft:grass":3,"minecraft:coal_ore":68,"minecraft:oak_log":6,"minecraft:tall_grass":1,"minecraft:stone":25,"minecraft:wall_torch":1}},"DataVersion":3465}