{"stats":{"minecraft:custom":{"minecraft:interact_with_furnace":8,"minecraft:mob_kills":38,"minecraft:interact_with_crafting_table":19,"minecraft:open_barrel":2,"minecraft:damage_dealt_resisted":0,"minecraft:leave_game":6,"minecraft:time_since_death":24223,"minecraft:sleep_in_bed":7,"minecraft:climb_one_cm":3331,"minecraft:time_since_rest":7896,"minecraft:sprint_one_cm":164163,"minecraft:damage_taken":2114,"minecraft:walk_one_cm":136636,"minecraft:damage_blocked_by_shield":780,"minecraft:trigger_trapped_chest":2,"tombstone:eaten_lollipop":2,"minecraft:damage_dealt":7111,"minecraft:swim_one_cm":3432,"minecraft:talked_to_villager":1,"minecraft:fly_one_cm":251948,"minecraft:open_chest":19,"minecraft:crouch_one_cm":4987,"minecraft:play_time":81367,"tombstone:undead_killed":23,"minecraft:deaths":2,"minecraft:sneak_time":3084,"minecraft:walk_under_water_one_cm":2985,"minecraft:jump":1250,"minecraft:walk_on_water_one_cm":3064,"minecraft:total_world_time":81838,"minecraft:fall_one_cm":32957},"minecraft:broken":{"minecraft:stone_sword":1,"minecraft:wooden_pickaxe":1},"minecraft:crafted":{"minecraft:cooked_beef":3,"minecraft:oak_planks":76,"minecraft:crafting_table":2,"minecraft:wooden_pickaxe":1,"minecraft:furnace":1,"minecraft:stone_axe":1,"patchouli:guide_book":1,"minecraft:bread":69,"minecraft:air":0,"minecraft:shield":1,"minecraft:stick":84,"minecraft:iron_pickaxe":1,"minecraft:stone_pickaxe":1,"minecraft:stone_sword":2,"minecraft:chest":2,"minecraft:torch":144,"minecraft:wheat":207},"minecraft:used":{"minecraft:stone_sword":174,"minecraft:stone_pickaxe":44,"minecraft:oak_planks":1,"minecraft:chest":3,"minecraft:wooden_pickaxe":42,"minecraft:shield":30,"botania:black_mystical_flower":4,"tombstone:lollipop":2,"minecraft:torch":72,"minecraft:dirt":6,"minecraft:crafting_table":3,"minecraft:granite":1,"minecraft:bread":25,"minecraft:iron_pickaxe":190,"minecraft:cobblestone":2,"minecraft:furnace":1,"tombstone:gift":4,"minecraft:cooked_beef":3},"minecraft:mined":{"minecraft:crafting_table":1,"minecraft:torch":1,"minecraft:granite":1,"botania:yellow_double_flower":1,"minecraft:grass_block":8,"minecraft:chest":1,"minecraft:tall_grass":13,"minecraft:oak_planks":1,"botania:black_mystical_flower":4,"minecraft:diorite":1,"mysticalagriculture:inferium_ore":14,"minecraft:spawner":2,"minecraft:hay_block":23,"minecraft:iron_ore":4,"evilcraft:dark_ore":6,"minecraft:grass":10,"minecraft:bookshelf":2,"minecraft:oak_log":19,"minecraft:coal_ore":121,"minecraft:stone":87,"minecraft:oak_leaves":8},"minecraft:killed":{"minecraft:piglin":5,"minecraft:spider":1,"grimoireofgaia:minotaurus":1,"minecraft:sheep":1,"minecraft:skeleton":1,"minecraft:zombie":22,"grimoireofgaia:deathword":1,"minecraft:cow":4},"minecraft:picked_up":{"minecraft:crafting_table":1,"minecraft:leather":4,"paraglider:spirit_orb":2,"minecraft:oak_log":19,"evilcraft:flesh_humanoid":1,"minecraft:dirt":8,"minecraft:raw_copper":1,"botania:black_mystical_flower":4,"minecraft:bone":4,"mysticalagriculture:inferium_essence":48,"minecraft:beef":6,"tombstone:bag_of_seeds":1,"minecraft:iron_nugget":1,"minecraft:chest":1,"minecraft:oak_planks":1,"minecraft:book":7,"grimoireofgaia:zombie_staff":1,"minecraft:stick":7,"minecraft:raw_iron":4,"apotheosis:gem":7,"botania:yellow_double_flower":1,"minecraft:torch":6,"tombstone:grave_dust":6,"tombstone:lollipop":2,"minecraft:bundle":1,"minecraft:arrow":1,"minecraft:rotten_flesh":24,"minecraft:chainmail_leggings":1,"evilcraft:dark_gem":27,"minecraft:hay_block":23,"minecraft:granite":2,"tombstone:magic_scroll":1,"minecraft:oak_sapling":5,"minecraft:coal":120,"minecraft:white_wool":1,"minecraft:cobblestone":91},"minecraft:killed_by":{"grimoireofgaia:minotaurus":2}},"DataVersion":3465}