{"stats":{"minecraft:used":{"minecraft:stone_sword":6,"minecraft:bread":3,"minecraft:wooden_pickaxe":20,"minecraft:stone_axe":6,"minecraft:crafting_table":2},"minecraft:custom":{"minecraft:time_since_rest":6212,"minecraft:sprint_one_cm":27148,"minecraft:damage_taken":70,"minecraft:walk_one_cm":11157,"minecraft:mob_kills":3,"minecraft:damage_dealt":240,"minecraft:swim_one_cm":1948,"minecraft:interact_with_crafting_table":4,"minecraft:fly_one_cm":46954,"minecraft:crouch_one_cm":347,"minecraft:play_time":6212,"minecraft:sneak_time":415,"minecraft:walk_under_water_one_cm":56,"minecraft:jump":163,"minecraft:damage_dealt_resisted":0,"minecraft:leave_game":1,"minecraft:time_since_death":6212,"minecraft:walk_on_water_one_cm":1183,"minecraft:total_world_time":6331,"minecraft:fall_one_cm":5363},"minecraft:picked_up":{"minecraft:stick":9,"minecraft:crafting_table":2,"minecraft:oak_log":21,"minecraft:hay_block":23,"minecraft:oak_sapling":6,"minecraft:mutton":3,"minecraft:cobblestone":19,"minecraft:white_wool":3},"minecraft:crafted":{"minecraft:oak_planks":24,"minecraft:crafting_table":1,"minecraft:stick":12,"minecraft:wooden_pickaxe":1,"minecraft:stone_pickaxe":1,"minecraft:stone_sword":1,"minecraft:stone_axe":1,"minecraft:bread":69,"minecraft:wheat":207},"minecraft:killed":{"minecraft:sheep":3},"minecraft:mined":{"minecraft:hay_block":23,"minecraft:crafting_table":2,"minecraft:grass":3,"minecraft:oak_log":6,"minecraft:tall_grass":1,"minecraft:stone":20}},"DataVersion":3465}