{"stats":{"minecraft:custom":{"minecraft:time_since_rest":14651,"minecraft:sprint_one_cm":66461,"minecraft:damage_taken":925,"minecraft:walk_one_cm":64074,"minecraft:damage_blocked_by_shield":125,"minecraft:mob_kills":23,"tombstone:eaten_lollipop":1,"minecraft:damage_dealt":4539,"minecraft:talked_to_villager":1,"minecraft:swim_one_cm":1948,"minecraft:interact_with_crafting_table":9,"minecraft:fly_one_cm":97078,"minecraft:open_chest":2,"minecraft:crouch_one_cm":3684,"minecraft:play_time":49835,"tombstone:undead_killed":20,"minecraft:sneak_time":2242,"minecraft:walk_under_water_one_cm":56,"minecraft:jump":539,"minecraft:damage_dealt_resisted":0,"minecraft:leave_game":5,"minecraft:walk_on_water_one_cm":1183,"minecraft:time_since_death":49835,"minecraft:sleep_in_bed":3,"minecraft:total_world_time":50306,"minecraft:fall_one_cm":16239},"minecraft:broken":{"minecraft:wooden_pickaxe":1},"minecraft:crafted":{"minecraft:oak_planks":76,"minecraft:shield":1,"minecraft:crafting_table":2,"minecraft:stick":16,"minecraft:iron_pickaxe":1,"minecraft:wooden_pickaxe":1,"minecraft:stone_pickaxe":1,"minecraft:stone_sword":1,"minecraft:torch":64,"minecraft:bread":69,"minecraft:wheat":207},"minecraft:used":{"minecraft:stone_sword":98,"minecraft:bread":16,"minecraft:stone_pickaxe":44,"minecraft:iron_pickaxe":103,"minecraft:oak_planks":1,"minecraft:shield":3,"minecraft:wooden_pickaxe":42,"tombstone:lollipop":1,"minecraft:torch":60,"minecraft:crafting_table":2},"minecraft:mined":{"minecraft:hay_block":23,"minecraft:iron_ore":2,"minecraft:crafting_table":1,"minecraft:torch":1,"minecraft:grass":5,"minecraft:coal_ore":88,"minecraft:oak_log":19,"minecraft:tall_grass":2,"minecraft:stone":65,"minecraft:oak_planks":1,"mysticalagriculture:inferium_ore":9,"minecraft:oak_leaves":8},"minecraft:killed":{"minecraft:skeleton":1,"minecraft:zombie":19,"grimoireofgaia:deathword":1,"minecraft:spider":1},"minecraft:picked_up":{"minecraft:book":1,"grimoireofgaia:zombie_staff":1,"minecraft:raw_iron":2,"minecraft:stick":7,"minecraft:crafting_table":1,"apotheosis:gem":2,"minecraft:torch":3,"minecraft:oak_log":19,"tombstone:grave_dust":6,"tombstone:lollipop":1,"minecraft:bundle":1,"minecraft:arrow":1,"minecraft:bone":4,"minecraft:rotten_flesh":21,"mysticalagriculture:inferium_essence":28,"minecraft:hay_block":23,"tombstone:bag_of_seeds":1,"minecraft:iron_nugget":1,"minecraft:oak_sapling":5,"minecraft:oak_planks":1,"minecraft:coal":88,"minecraft:cobblestone":67}},"DataVersion":3465}