{"stats":{"minecraft:broken":{"minecraft:stone_sword":1,"minecraft:wooden_pickaxe":1},"minecraft:dropped":{"minecraft:iron_boots":1,"minecraft:leather":2,"minecraft:dirt":2,"tombstone:bag_of_seeds":1,"apotheosis:gem":2,"tombstone:grave_dust":2,"minecraft:arrow":2,"minecraft:bone":5},"minecraft:picked_up":{"minecraft:birch_log":51,"minecraft:crafting_table":1,"minecraft:chainmail_boots":1,"minecraft:leather":12,"paraglider:spirit_orb":2,"minecraft:oak_log":19,"evilcraft:flesh_humanoid":1,"minecraft:string":2,"minecraft:dirt":8,"minecraft:raw_copper":1,"botania:black_mystical_flower":4,"minecraft:iron_shovel":1,"minecraft:bone":9,"mysticalagriculture:inferium_essence":53,"minecraft:beef":6,"tombstone:bag_of_seeds":3,"minecraft:iron_nugget":1,"minecraft:chest":1,"minecraft:oak_planks":1,"minecraft:iron_boots":1,"minecraft:book":22,"grimoireofgaia:zombie_staff":1,"minecraft:stick":7,"minecraft:raw_iron":5,"apotheosis:gem":9,"botania:yellow_double_flower":1,"minecraft:torch":7,"tombstone:grave_dust":10,"tombstone:lollipop":2,"minecraft:bundle":1,"minecraft:arrow":3,"minecraft:rotten_flesh":32,"minecraft:chainmail_leggings":1,"evilcraft:dark_gem":32,"minecraft:hay_block":23,"minecraft:granite":2,"minecraft:chainmail_helmet":1,"minecraft:mutton":3,"tombstone:magic_scroll":1,"minecraft:oak_sapling":5,"minecraft:coal":137,"minecraft:white_wool":3,"minecraft:cobblestone":108},"minecraft:killed_by":{"grimoireofgaia:minotaurus":2},"minecraft:used":{"minecraft:stone_sword":249,"minecraft:stone_pickaxe":44,"minecraft:oak_planks":1,"minecraft:wooden_pickaxe":42,"minecraft:chest":3,"minecraft:shield":50,"botania:black_mystical_flower":4,"tombstone:lollipop":2,"minecraft:white_wool":2,"minecraft:torch":92,"minecraft:dirt":6,"minecraft:crafting_table":3,"minecraft:granite":1,"minecraft:apple":2,"minecraft:bread":37,"minecraft:iron_pickaxe":221,"minecraft:stone_axe":12,"minecraft:cobblestone":2,"minecraft:furnace":1,"minecraft:birch_log":2,"tombstone:gift":4,"minecraft:cooked_beef":3},"minecraft:custom":{"minecraft:interact_with_furnace":8,"minecraft:mob_kills":55,"minecraft:interact_with_crafting_table":19,"minecraft:open_barrel":2,"minecraft:damage_dealt_resisted":0,"minecraft:leave_game":6,"minecraft:time_since_death":41296,"minecraft:sleep_in_bed":7,"minecraft:climb_one_cm":3331,"minecraft:damage_resisted":0,"minecraft:time_since_rest":24969,"minecraft:sprint_one_cm":211967,"minecraft:damage_taken":2729,"minecraft:walk_one_cm":185572,"minecraft:damage_blocked_by_shield":1310,"minecraft:trigger_trapped_chest":4,"minecraft:drop":9,"tombstone:eaten_lollipop":2,"minecraft:damage_dealt":10222,"minecraft:swim_one_cm":3432,"minecraft:talked_to_villager":1,"minecraft:fly_one_cm":346852,"minecraft:open_chest":19,"minecraft:crouch_one_cm":5479,"minecraft:play_time":98440,"tombstone:undead_killed":32,"minecraft:deaths":2,"minecraft:sneak_time":3279,"minecraft:walk_under_water_one_cm":2985,"minecraft:jump":1709,"minecraft:walk_on_water_one_cm":3064,"minecraft:total_world_time":98911,"minecraft:fall_one_cm":49368},"minecraft:mined":{"minecraft:crafting_table":1,"minecraft:torch":1,"minecraft:granite":1,"botania:yellow_double_flower":1,"minecraft:grass_block":8,"minecraft:chest":1,"minecraft:tall_grass":13,"minecraft:oak_planks":1,"minecraft:diorite":1,"botania:black_mystical_flower":4,"mysticalagriculture:inferium_ore":14,"minecraft:spawner":2,"minecraft:hay_block":23,"minecraft:birch_log":2,"minecraft:iron_ore":5,"minecraft:birch_leaves":1,"evilcraft:dark_ore":7,"minecraft:grass":16,"minecraft:bookshelf":7,"minecraft:oak_log":19,"minecraft:coal_ore":139,"minecraft:stone":97,"minecraft:fern":4,"minecraft:oak_leaves":8},"minecraft:killed":{"minecraft:piglin":5,"minecraft:pig":1,"minecraft:spider":3,"grimoireofgaia:minotaurus":1,"minecraft:skeleton":3,"minecraft:sheep":3,"minecraft:zombie":29,"grimoireofgaia:deathword":1,"grimoireofgaia:werecat":1,"minecraft:cow":5},"minecraft:crafted":{"minecraft:cooked_beef":3,"minecraft:oak_planks":76,"minecraft:crafting_table":2,"minecraft:wooden_pickaxe":1,"minecraft:furnace":1,"minecraft:stone_axe":1,"patchouli:guide_book":1,"minecraft:bread":69,"minecraft:air":0,"minecraft:shield":1,"minecraft:stick":84,"minecraft:iron_pickaxe":1,"minecraft:stone_pickaxe":1,"minecraft:stone_sword":2,"minecraft:chest":2,"minecraft:torch":144,"minecraft:wheat":207}},"DataVersion":3465}