{"stats":{"minecraft:killed":{"minecraft:zombie":2,"minecraft:cow":1},"minecraft:custom":{"minecraft:open_chest":1,"minecraft:time_since_rest":2006,"minecraft:damage_taken":1436,"minecraft:play_time":61424,"minecraft:crouch_one_cm":25,"minecraft:walk_one_cm":31388,"minecraft:sprint_one_cm":43394,"tombstone:undead_killed":2,"minecraft:deaths":5,"minecraft:sneak_time":24,"minecraft:mob_kills":3,"minecraft:jump":450,"minecraft:damage_dealt_resisted":0,"minecraft:damage_dealt":626,"minecraft:leave_game":4,"minecraft:time_since_death":3128,"minecraft:walk_on_water_one_cm":7451,"minecraft:total_world_time":61424,"minecraft:fall_one_cm":10017,"minecraft:fly_one_cm":90929},"minecraft:picked_up":{"minecraft:rotten_flesh":3,"minecraft:turtle_helmet":1,"minecraft:wheat_seeds":15,"minecraft:sand":2,"minecraft:dirt":31},"minecraft:killed_by":{"grimoireofgaia:orc":2,"grimoireofgaia:goblin":1,"minecraft:zombie":2},"minecraft:used":{"minecraft:dirt":28,"minecraft:sand":2,"tombstone:grave_key":1,"minecraft:bell":1,"evilcraft:flesh_humanoid":1},"minecraft:mined":{"minecraft:grass":81,"minecraft:grass_block":30,"minecraft:sand":2,"minecraft:dirt":2,"minecraft:tall_grass":19}},"DataVersion":3465}