{"stats":{"minecraft:crafted":{"minecraft:oak_planks":76},"minecraft:custom":{"minecraft:jump":73,"minecraft:time_since_rest":6088,"minecraft:crouch_one_cm":74,"minecraft:damage_taken":70,"minecraft:leave_game":3,"minecraft:play_time":6088,"minecraft:sprint_one_cm":12891,"minecraft:time_since_death":6088,"minecraft:walk_on_water_one_cm":1183,"minecraft:walk_one_cm":7338,"minecraft:sneak_time":155,"minecraft:total_world_time":6559,"minecraft:walk_under_water_one_cm":56,"minecraft:swim_one_cm":1948,"minecraft:fall_one_cm":3784,"minecraft:fly_one_cm":18283},"minecraft:mined":{"minecraft:tall_grass":2,"minecraft:oak_log":19,"minecraft:oak_leaves":5},"minecraft:picked_up":{"minecraft:stick":3,"minecraft:oak_log":19,"minecraft:oak_sapling":2}},"DataVersion":3465}