{"stats":{"minecraft:broken":{"minecraft:stone_sword":2,"minecraft:wooden_pickaxe":1,"minecraft:shield":1,"minecraft:stone_axe":1,"minecraft:iron_pickaxe":1},"minecraft:dropped":{"minecraft:leather":2,"minecraft:chainmail_helmet":1,"minecraft:dirt":2,"tombstone:bag_of_seeds":1,"tombstone:grave_dust":2,"minecraft:bone":5,"minecraft:crimson_fungus":128,"minecraft:iron_nugget":1,"minecraft:rotten_flesh":2,"minecraft:oak_planks":1,"minecraft:iron_boots":1,"apotheosis:gem":3,"minecraft:arrow":2,"botania:black_lotus":1,"botania:lime_mushroom":4},"minecraft:picked_up":{"minecraft:crafting_table":1,"minecraft:chainmail_boots":1,"minecraft:turtle_helmet":1,"minecraft:string":23,"minecraft:raw_copper":1,"minecraft:iron_shovel":1,"mysticalagriculture:inferium_essence":100,"minecraft:gold_nugget":1,"minecraft:cobbled_deepslate":20,"minecraft:beef":12,"minecraft:iron_nugget":3,"minecraft:chest":1,"minecraft:iron_boots":1,"minecraft:egg":2,"minecraft:stick":7,"minecraft:raw_iron":59,"apotheosis:gem":11,"minecraft:torch":10,"mysticalagriculture:prosperity_shard":42,"minecraft:pointed_dripstone":5,"tombstone:grave_dust":10,"minecraft:diorite":1,"minecraft:redstone":3,"tombstone:lollipop":3,"botania:black_lotus":1,"minecraft:arrow":9,"minecraft:rotten_flesh":38,"minecraft:hay_block":23,"minecraft:saddle":1,"minecraft:mutton":3,"minecraft:cobblestone":131,"minecraft:white_wool":3,"minecraft:birch_log":54,"minecraft:andesite":2,"minecraft:leather":13,"paraglider:spirit_orb":4,"minecraft:crimson_fungus":128,"minecraft:tuff":5,"minecraft:oak_log":19,"evilcraft:flesh_humanoid":1,"minecraft:gunpowder":4,"minecraft:lapis_lazuli":29,"minecraft:dirt":9,"botania:black_mystical_flower":4,"minecraft:bone":13,"minecraft:stone_bricks":1,"minecraft:iron_ingot":1,"tombstone:bag_of_seeds":3,"minecraft:oak_planks":2,"minecraft:book":22,"grimoireofgaia:zombie_staff":1,"botania:yellow_double_flower":1,"botania:lime_mushroom":5,"minecraft:leather_helmet":1,"tombstone:scroll_of_mercy":1,"minecraft:bundle":1,"minecraft:diamond":2,"minecraft:chainmail_leggings":2,"evilcraft:dark_gem":85,"minecraft:granite":2,"minecraft:chainmail_helmet":2,"tombstone:magic_scroll":1,"minecraft:oak_sapling":5,"minecraft:coal":260},"minecraft:killed_by":{"grimoireofgaia:bone_knight":2,"grimoireofgaia:minotaurus":2,"minecraft:witch":1},"minecraft:used":{"minecraft:stone_sword":271,"tombstone:scroll_of_frost_resistance":1,"minecraft:chest":3,"minecraft:shield":89,"minecraft:iron_sword":164,"botania:black_mystical_flower":4,"tombstone:lollipop":3,"minecraft:torch":327,"minecraft:dirt":6,"minecraft:granite":1,"minecraft:iron_axe":17,"minecraft:furnace":2,"tombstone:gift":4,"minecraft:egg":2,"minecraft:cooked_beef":3,"tombstone:scroll_of_mercy":1,"minecraft:stone_pickaxe":44,"minecraft:oak_planks":1,"minecraft:wooden_pickaxe":42,"minecraft:white_wool":2,"minecraft:crafting_table":5,"minecraft:apple":2,"minecraft:bread":72,"minecraft:iron_pickaxe":499,"tombstone:grave_key":3,"minecraft:stone_axe":46,"minecraft:cobblestone":22,"minecraft:birch_log":12},"minecraft:custom":{"minecraft:mob_kills":82,"minecraft:interact_with_crafting_table":24,"minecraft:open_barrel":2,"minecraft:damage_dealt_resisted":0,"minecraft:leave_game":7,"minecraft:time_since_death":17851,"minecraft:climb_one_cm":3417,"minecraft:damage_resisted":0,"minecraft:sprint_one_cm":385531,"minecraft:walk_one_cm":327124,"minecraft:damage_blocked_by_shield":2854,"minecraft:drop":26,"tombstone:eaten_lollipop":3,"minecraft:talked_to_villager":1,"minecraft:play_time":169762,"minecraft:deaths":5,"minecraft:sneak_time":7089,"minecraft:walk_under_water_one_cm":2985,"minecraft:jump":2966,"minecraft:walk_on_water_one_cm":3110,"minecraft:total_world_time":170233,"minecraft:interact_with_furnace":10,"tombstone:raider_killed":1,"minecraft:sleep_in_bed":7,"minecraft:time_since_rest":17690,"minecraft:damage_taken":5575,"minecraft:trigger_trapped_chest":4,"minecraft:damage_dealt":19670,"tombstone:cast_on_ally":0,"minecraft:swim_one_cm":3432,"minecraft:fly_one_cm":522951,"minecraft:player_kills":3,"minecraft:open_chest":29,"minecraft:crouch_one_cm":13212,"tombstone:undead_killed":45,"minecraft:fall_one_cm":94436},"minecraft:killed":{"minecraft:witch":1,"minecraft:spider":10,"grimoireofgaia:minotaurus":1,"minecraft:skeleton":9,"grimoireofgaia:mimic":2,"minecraft:piglin":5,"minecraft:pig":1,"grimoireofgaia:bone_knight":2,"minecraft:sheep":3,"minecraft:zombie":34,"grimoireofgaia:deathword":2,"grimoireofgaia:werecat":1,"minecraft:cow":7},"minecraft:mined":{"minecraft:tuff":8,"minecraft:deepslate_diamond_ore":2,"minecraft:granite":1,"minecraft:grass_block":9,"mysticalagriculture:inferium_ore":26,"minecraft:spawner":3,"minecraft:hay_block":23,"minecraft:iron_ore":23,"minecraft:fire":2,"minecraft:andesite":2,"evilcraft:dark_ore":8,"minecraft:deepslate_lapis_ore":5,"minecraft:bookshelf":7,"minecraft:pointed_dripstone":4,"minecraft:deepslate_iron_ore":36,"minecraft:stone":119,"botania:lime_mushroom":1,"minecraft:crafting_table":1,"minecraft:torch":2,"botania:yellow_double_flower":1,"minecraft:chest":1,"minecraft:tall_grass":13,"minecraft:cobblestone":2,"minecraft:oak_planks":1,"minecraft:diorite":1,"minecraft:wall_torch":1,"botania:black_mystical_flower":4,"evilcraft:dark_ore_deepslate":12,"minecraft:birch_log":5,"minecraft:birch_leaves":1,"minecraft:grass":20,"minecraft:coal_ore":262,"minecraft:oak_log":19,"minecraft:dirt":4,"minecraft:cobweb":13,"mysticalagriculture:deepslate_prosperity_ore":13,"minecraft:oak_leaves":8,"minecraft:deepslate":18,"minecraft:fern":5},"minecraft:crafted":{"minecraft:oak_planks":76,"minecraft:furnace":2,"patchouli:guide_book":1,"minecraft:iron_axe":1,"minecraft:stone_pickaxe":1,"minecraft:chest":3,"minecraft:wheat":207,"minecraft:cooked_beef":3,"sophisticatedbackpacks:backpack":1,"minecraft:crafting_table":4,"minecraft:wooden_pickaxe":1,"minecraft:iron_sword":1,"minecraft:birch_planks":68,"minecraft:stone_axe":1,"minecraft:bread":69,"minecraft:air":0,"minecraft:shield":1,"minecraft:stick":116,"minecraft:iron_ingot":4,"minecraft:iron_pickaxe":2,"minecraft:stone_sword":2,"minecraft:torch":372}},"DataVersion":3465}