{"stats":{"minecraft:broken":{"minecraft:stone_sword":1,"minecraft:iron_pickaxe":1,"minecraft:wooden_pickaxe":1},"minecraft:dropped":{"minecraft:iron_boots":1,"minecraft:leather":2,"minecraft:dirt":2,"tombstone:bag_of_seeds":1,"apotheosis:gem":2,"tombstone:grave_dust":2,"minecraft:arrow":2,"minecraft:bone":5},"minecraft:picked_up":{"minecraft:birch_log":52,"minecraft:crafting_table":1,"minecraft:chainmail_boots":1,"minecraft:leather":13,"paraglider:spirit_orb":2,"minecraft:oak_log":19,"evilcraft:flesh_humanoid":1,"minecraft:dirt":8,"minecraft:string":2,"minecraft:raw_copper":1,"botania:black_mystical_flower":4,"minecraft:iron_shovel":1,"minecraft:bone":9,"mysticalagriculture:inferium_essence":80,"minecraft:beef":12,"tombstone:bag_of_seeds":3,"minecraft:iron_nugget":1,"minecraft:chest":1,"minecraft:oak_planks":1,"minecraft:egg":2,"minecraft:iron_boots":1,"minecraft:book":22,"minecraft:raw_iron":6,"grimoireofgaia:zombie_staff":1,"minecraft:stick":7,"apotheosis:gem":9,"botania:yellow_double_flower":1,"minecraft:torch":7,"tombstone:grave_dust":10,"minecraft:diorite":1,"tombstone:lollipop":2,"minecraft:bundle":1,"minecraft:arrow":3,"minecraft:rotten_flesh":32,"minecraft:chainmail_leggings":1,"evilcraft:dark_gem":32,"minecraft:hay_block":23,"minecraft:granite":2,"minecraft:chainmail_helmet":1,"tombstone:magic_scroll":1,"minecraft:oak_sapling":5,"minecraft:mutton":3,"minecraft:coal":164,"minecraft:white_wool":3,"minecraft:cobblestone":112},"minecraft:killed_by":{"grimoireofgaia:minotaurus":2},"minecraft:used":{"minecraft:stone_sword":270,"minecraft:stone_pickaxe":44,"minecraft:oak_planks":1,"minecraft:wooden_pickaxe":42,"minecraft:chest":3,"minecraft:shield":61,"botania:black_mystical_flower":4,"tombstone:lollipop":2,"minecraft:torch":120,"minecraft:white_wool":2,"minecraft:dirt":6,"minecraft:crafting_table":3,"minecraft:granite":1,"minecraft:apple":2,"minecraft:bread":49,"minecraft:iron_pickaxe":262,"minecraft:stone_axe":17,"minecraft:cobblestone":2,"minecraft:furnace":1,"minecraft:birch_log":7,"tombstone:gift":4,"minecraft:egg":2,"minecraft:cooked_beef":3},"minecraft:custom":{"minecraft:interact_with_furnace":8,"minecraft:mob_kills":57,"minecraft:interact_with_crafting_table":19,"minecraft:open_barrel":2,"minecraft:damage_dealt_resisted":0,"minecraft:leave_game":7,"minecraft:time_since_death":52618,"minecraft:sleep_in_bed":7,"minecraft:climb_one_cm":3417,"minecraft:damage_resisted":0,"minecraft:time_since_rest":36291,"minecraft:sprint_one_cm":261258,"minecraft:damage_taken":3300,"minecraft:walk_one_cm":203047,"minecraft:damage_blocked_by_shield":1784,"minecraft:trigger_trapped_chest":4,"minecraft:drop":9,"tombstone:eaten_lollipop":2,"minecraft:damage_dealt":11304,"minecraft:swim_one_cm":3432,"minecraft:talked_to_villager":1,"minecraft:player_kills":3,"minecraft:fly_one_cm":464528,"minecraft:open_chest":19,"minecraft:crouch_one_cm":6874,"minecraft:play_time":109762,"tombstone:undead_killed":32,"minecraft:deaths":2,"minecraft:sneak_time":4479,"minecraft:walk_under_water_one_cm":2985,"minecraft:jump":2152,"minecraft:walk_on_water_one_cm":3064,"minecraft:fall_one_cm":63714,"minecraft:total_world_time":110233},"minecraft:mined":{"minecraft:crafting_table":1,"minecraft:torch":1,"minecraft:granite":1,"botania:yellow_double_flower":1,"minecraft:grass_block":9,"minecraft:chest":1,"minecraft:tall_grass":13,"minecraft:oak_planks":1,"mysticalagriculture:inferium_ore":22,"minecraft:diorite":1,"botania:black_mystical_flower":4,"minecraft:spawner":2,"minecraft:hay_block":23,"minecraft:birch_log":3,"minecraft:iron_ore":6,"minecraft:fire":2,"minecraft:birch_leaves":1,"evilcraft:dark_ore":7,"minecraft:grass":20,"minecraft:bookshelf":7,"minecraft:oak_log":19,"minecraft:coal_ore":167,"minecraft:dirt":3,"minecraft:stone":101,"minecraft:oak_leaves":8,"minecraft:fern":5},"minecraft:killed":{"minecraft:piglin":5,"minecraft:pig":1,"minecraft:spider":3,"grimoireofgaia:minotaurus":1,"minecraft:sheep":3,"minecraft:skeleton":3,"minecraft:zombie":29,"grimoireofgaia:deathword":1,"grimoireofgaia:werecat":1,"minecraft:cow":7},"minecraft:crafted":{"minecraft:cooked_beef":3,"minecraft:oak_planks":76,"minecraft:crafting_table":2,"minecraft:wooden_pickaxe":1,"minecraft:furnace":1,"minecraft:stone_axe":1,"patchouli:guide_book":1,"minecraft:bread":69,"minecraft:air":0,"minecraft:shield":1,"minecraft:stick":84,"minecraft:iron_pickaxe":1,"minecraft:stone_pickaxe":1,"minecraft:stone_sword":2,"minecraft:chest":2,"minecraft:torch":144,"minecraft:wheat":207}},"DataVersion":3465}