{"stats":{"minecraft:custom":{"minecraft:interact_with_furnace":8,"minecraft:mob_kills":32,"minecraft:interact_with_crafting_table":19,"minecraft:damage_dealt_resisted":0,"minecraft:leave_game":5,"minecraft:time_since_death":16691,"minecraft:sleep_in_bed":7,"minecraft:time_since_rest":364,"minecraft:sprint_one_cm":143103,"minecraft:damage_taken":1597,"minecraft:walk_one_cm":110375,"minecraft:damage_blocked_by_shield":245,"tombstone:eaten_lollipop":2,"minecraft:damage_dealt":6071,"minecraft:swim_one_cm":3432,"minecraft:talked_to_villager":1,"minecraft:fly_one_cm":233670,"minecraft:open_chest":15,"minecraft:crouch_one_cm":4987,"minecraft:play_time":73835,"tombstone:undead_killed":23,"minecraft:deaths":2,"minecraft:sneak_time":3029,"minecraft:walk_under_water_one_cm":2985,"minecraft:jump":1095,"minecraft:walk_on_water_one_cm":3064,"minecraft:total_world_time":74306,"minecraft:fall_one_cm":28682},"minecraft:broken":{"minecraft:stone_sword":1,"minecraft:wooden_pickaxe":1},"minecraft:crafted":{"minecraft:cooked_beef":3,"minecraft:oak_planks":76,"minecraft:crafting_table":2,"minecraft:wooden_pickaxe":1,"minecraft:furnace":1,"minecraft:stone_axe":1,"patchouli:guide_book":1,"minecraft:bread":69,"minecraft:air":0,"minecraft:shield":1,"minecraft:stick":84,"minecraft:iron_pickaxe":1,"minecraft:stone_pickaxe":1,"minecraft:stone_sword":2,"minecraft:chest":2,"minecraft:torch":144,"minecraft:wheat":207},"minecraft:used":{"minecraft:stone_sword":139,"minecraft:stone_pickaxe":44,"minecraft:oak_planks":1,"minecraft:chest":3,"minecraft:wooden_pickaxe":42,"minecraft:shield":6,"botania:black_mystical_flower":4,"tombstone:lollipop":2,"minecraft:torch":71,"minecraft:dirt":2,"minecraft:crafting_table":3,"minecraft:granite":1,"minecraft:bread":22,"minecraft:iron_pickaxe":186,"minecraft:cobblestone":2,"minecraft:furnace":1,"tombstone:gift":4},"minecraft:mined":{"minecraft:crafting_table":1,"minecraft:torch":1,"minecraft:granite":1,"botania:yellow_double_flower":1,"minecraft:grass_block":7,"minecraft:chest":1,"minecraft:tall_grass":13,"minecraft:oak_planks":1,"botania:black_mystical_flower":4,"minecraft:diorite":1,"mysticalagriculture:inferium_ore":14,"minecraft:spawner":1,"minecraft:hay_block":23,"minecraft:iron_ore":4,"evilcraft:dark_ore":6,"minecraft:grass":10,"minecraft:oak_log":19,"minecraft:coal_ore":121,"minecraft:stone":84,"minecraft:oak_leaves":8},"minecraft:killed":{"minecraft:spider":1,"grimoireofgaia:minotaurus":1,"minecraft:sheep":1,"minecraft:skeleton":1,"minecraft:zombie":22,"grimoireofgaia:deathword":1,"minecraft:cow":3},"minecraft:picked_up":{"minecraft:crafting_table":1,"minecraft:leather":2,"minecraft:oak_log":19,"evilcraft:flesh_humanoid":1,"minecraft:dirt":7,"minecraft:raw_copper":1,"botania:black_mystical_flower":4,"minecraft:bone":4,"mysticalagriculture:inferium_essence":47,"minecraft:beef":3,"tombstone:bag_of_seeds":1,"minecraft:iron_nugget":1,"minecraft:chest":1,"minecraft:oak_planks":1,"minecraft:book":1,"grimoireofgaia:zombie_staff":1,"minecraft:stick":7,"minecraft:raw_iron":4,"apotheosis:gem":2,"botania:yellow_double_flower":1,"minecraft:torch":6,"tombstone:grave_dust":6,"tombstone:lollipop":2,"minecraft:bundle":1,"minecraft:arrow":1,"minecraft:rotten_flesh":24,"minecraft:chainmail_leggings":1,"evilcraft:dark_gem":27,"minecraft:hay_block":23,"minecraft:granite":2,"tombstone:magic_scroll":1,"minecraft:oak_sapling":5,"minecraft:coal":120,"minecraft:white_wool":1,"minecraft:cobblestone":88},"minecraft:killed_by":{"grimoireofgaia:minotaurus":2}},"DataVersion":3465}