{"stats":{"minecraft:custom":{"minecraft:time_since_rest":3273,"minecraft:sprint_one_cm":29190,"minecraft:damage_taken":235,"minecraft:walk_one_cm":24493,"minecraft:mob_kills":2,"minecraft:damage_dealt":364,"minecraft:interact_with_crafting_table":4,"minecraft:swim_one_cm":1948,"minecraft:talked_to_villager":1,"minecraft:fly_one_cm":49938,"minecraft:crouch_one_cm":641,"minecraft:play_time":32359,"tombstone:undead_killed":1,"minecraft:sneak_time":314,"minecraft:walk_under_water_one_cm":56,"minecraft:jump":226,"minecraft:damage_dealt_resisted":0,"minecraft:leave_game":5,"minecraft:walk_on_water_one_cm":1183,"minecraft:time_since_death":32359,"minecraft:sleep_in_bed":2,"minecraft:total_world_time":32830,"minecraft:fall_one_cm":7623},"minecraft:broken":{"minecraft:wooden_pickaxe":1},"minecraft:crafted":{"minecraft:oak_planks":76,"minecraft:crafting_table":1,"minecraft:wooden_pickaxe":1,"minecraft:stone_pickaxe":1,"minecraft:bread":69,"minecraft:wheat":207},"minecraft:used":{"minecraft:bread":4,"minecraft:stone_pickaxe":10,"minecraft:oak_planks":1,"minecraft:wooden_pickaxe":42,"minecraft:crafting_table":2},"minecraft:mined":{"minecraft:hay_block":23,"minecraft:crafting_table":1,"minecraft:grass":5,"minecraft:coal_ore":9,"minecraft:oak_log":19,"minecraft:tall_grass":2,"minecraft:stone":26,"minecraft:oak_planks":1,"minecraft:oak_leaves":8},"minecraft:killed":{"minecraft:zombie":1},"minecraft:picked_up":{"minecraft:stick":7,"minecraft:crafting_table":1,"minecraft:oak_log":19,"minecraft:rotten_flesh":2,"minecraft:hay_block":23,"minecraft:oak_sapling":5,"minecraft:coal":9,"minecraft:oak_planks":1,"minecraft:cobblestone":26}},"DataVersion":3465}