{"stats":{"minecraft:dropped":{"minecraft:iron_ingot":8,"minecraft:book":21,"minecraft:leather":7,"minecraft:chainmail_helmet":1,"minecraft:coal":64,"minecraft:golden_apple":1,"paraglider:spirit_orb":2,"minecraft:emerald":4,"minecraft:stick":15,"minecraft:dirt":2,"tombstone:bag_of_seeds":1,"tombstone:magic_scroll":1,"minecraft:mutton":3,"tombstone:grave_dust":2,"mysticalagriculture:prosperity_shard":40,"minecraft:iron_axe":1,"minecraft:iron_pickaxe":2,"minecraft:iron_shovel":1,"minecraft:string":2,"minecraft:birch_log":25,"minecraft:redstone":4,"minecraft:gold_ingot":1,"minecraft:bone":5,"minecraft:crimson_fungus":128,"minecraft:iron_nugget":1,"minecraft:cobbled_deepslate":9,"minecraft:tuff":1,"minecraft:obsidian":7,"minecraft:raw_iron":52,"minecraft:rotten_flesh":2,"minecraft:oak_planks":1,"minecraft:iron_boots":1,"evilcraft:flesh_humanoid":1,"mysticalagriculture:inferium_essence":48,"apotheosis:gem":5,"minecraft:arrow":5,"minecraft:beef":9,"botania:black_lotus":2,"botania:lime_mushroom":4},"minecraft:mined":{"mysticalagriculture:prosperity_ore":7,"minecraft:tuff":10,"minecraft:deepslate_diamond_ore":4,"minecraft:granite":1,"minecraft:grass_block":9,"mysticalagriculture:inferium_ore":27,"minecraft:spawner":4,"minecraft:hay_block":23,"minecraft:furnace":2,"minecraft:iron_ore":48,"minecraft:fire":2,"minecraft:andesite":2,"evilcraft:dark_ore":8,"minecraft:deepslate_lapis_ore":9,"minecraft:bookshelf":7,"minecraft:pointed_dripstone":5,"minecraft:deepslate_iron_ore":51,"minecraft:vine":1,"minecraft:stone":122,"minecraft:deepslate_redstone_ore":8,"minecraft:soul_torch":1,"botania:lime_mushroom":1,"minecraft:stone_brick_slab":1,"minecraft:crafting_table":3,"minecraft:torch":3,"botania:yellow_double_flower":1,"minecraft:chest":1,"minecraft:tall_grass":13,"minecraft:cobblestone":2,"minecraft:deepslate_gold_ore":10,"minecraft:oak_planks":1,"minecraft:diorite":1,"botania:black_mystical_flower":4,"minecraft:wall_torch":1,"minecraft:black_stained_glass":2,"evilcraft:dark_ore_deepslate":13,"minecraft:birch_log":5,"minecraft:birch_leaves":1,"minecraft:stone_brick_stairs":2,"minecraft:grass":20,"minecraft:oak_log":19,"minecraft:coal_ore":265,"minecraft:dirt":4,"minecraft:cobweb":29,"mysticalagriculture:deepslate_prosperity_ore":13,"minecraft:stone_bricks":1,"minecraft:gold_ore":4,"minecraft:oak_leaves":8,"minecraft:deepslate":24,"minecraft:fern":5},"minecraft:crafted":{"minecraft:oak_planks":76,"minecraft:furnace":4,"patchouli:guide_book":1,"minecraft:iron_axe":2,"minecraft:stone_pickaxe":1,"minecraft:chest":3,"minecraft:wheat":207,"minecraft:cooked_beef":12,"sophisticatedbackpacks:backpack":1,"minecraft:crafting_table":4,"minecraft:wooden_pickaxe":1,"minecraft:iron_sword":2,"minecraft:birch_planks":68,"minecraft:stone_axe":1,"minecraft:bread":69,"minecraft:air":0,"minecraft:shield":1,"minecraft:stick":124,"minecraft:iron_ingot":4,"minecraft:iron_pickaxe":3,"minecraft:stone_sword":2,"minecraft:torch":372},"minecraft:killed_by":{"minecraft:vindicator":1,"grimoireofgaia:bone_knight":2,"grimoireofgaia:minotaurus":2,"minecraft:witch":1},"minecraft:picked_up":{"minecraft:crafting_table":3,"minecraft:chainmail_boots":1,"minecraft:turtle_helmet":1,"minecraft:stone_brick_stairs":2,"minecraft:string":41,"minecraft:raw_copper":1,"minecraft:iron_shovel":2,"mysticalagriculture:inferium_essence":150,"minecraft:gold_nugget":1,"minecraft:cobbled_deepslate":34,"minecraft:beef":21,"minecraft:iron_nugget":3,"minecraft:iron_pickaxe":2,"minecraft:chest":1,"minecraft:furnace":2,"minecraft:egg":2,"minecraft:iron_boots":1,"minecraft:stick":22,"minecraft:raw_iron":117,"apotheosis:gem":13,"minecraft:torch":12,"mysticalagriculture:prosperity_shard":96,"minecraft:pointed_dripstone":6,"tombstone:grave_dust":10,"minecraft:diorite":1,"minecraft:redstone":45,"tombstone:lollipop":3,"botania:black_lotus":2,"minecraft:stone_shovel":1,"minecraft:arrow":12,"minecraft:rotten_flesh":39,"minecraft:hay_block":23,"minecraft:saddle":1,"minecraft:gold_ingot":13,"minecraft:obsidian":7,"minecraft:mutton":6,"minecraft:white_wool":3,"minecraft:cobblestone":134,"minecraft:birch_log":79,"minecraft:andesite":2,"minecraft:leather":18,"paraglider:spirit_orb":8,"minecraft:crimson_fungus":128,"minecraft:tuff":8,"minecraft:oak_log":19,"evilcraft:flesh_humanoid":2,"minecraft:gunpowder":4,"minecraft:lapis_lazuli":53,"minecraft:dirt":9,"botania:black_mystical_flower":4,"minecraft:bone":13,"minecraft:stone_bricks":2,"minecraft:raw_gold":2,"minecraft:iron_ingot":43,"tombstone:bag_of_seeds":3,"minecraft:oak_planks":2,"minecraft:book":43,"grimoireofgaia:zombie_staff":1,"botania:yellow_double_flower":1,"minecraft:stone_brick_slab":1,"minecraft:soul_torch":1,"botania:lime_mushroom":5,"minecraft:leather_helmet":1,"tombstone:scroll_of_mercy":1,"artifacts:plastic_drinking_hat":1,"minecraft:bundle":1,"minecraft:diamond":4,"minecraft:chainmail_leggings":2,"evilcraft:dark_gem":89,"minecraft:granite":2,"minecraft:golden_apple":1,"minecraft:emerald":5,"minecraft:chainmail_helmet":2,"tombstone:magic_scroll":2,"minecraft:oak_sapling":5,"minecraft:coal":449},"minecraft:killed":{"minecraft:witch":1,"minecraft:spider":10,"minecraft:vindicator":1,"grimoireofgaia:minotaurus":1,"minecraft:skeleton":9,"grimoireofgaia:mimic":2,"artifacts:mimic":1,"minecraft:piglin":5,"minecraft:pig":1,"grimoireofgaia:bone_knight":2,"minecraft:sheep":3,"minecraft:zombie":35,"grimoireofgaia:deathword":2,"grimoireofgaia:werecat":1,"minecraft:cow":7},"minecraft:custom":{"minecraft:mob_kills":85,"minecraft:interact_with_crafting_table":36,"minecraft:open_barrel":3,"minecraft:damage_dealt_resisted":0,"minecraft:leave_game":10,"minecraft:time_since_death":37341,"minecraft:climb_one_cm":4020,"minecraft:damage_resisted":0,"minecraft:sprint_one_cm":463804,"minecraft:walk_one_cm":391854,"minecraft:damage_blocked_by_shield":2854,"minecraft:drop":359,"tombstone:eaten_lollipop":3,"minecraft:talked_to_villager":1,"minecraft:play_time":208229,"minecraft:sneak_time":7916,"minecraft:deaths":6,"minecraft:walk_under_water_one_cm":2985,"minecraft:jump":3288,"minecraft:walk_on_water_one_cm":4991,"minecraft:total_world_time":208700,"minecraft:interact_with_furnace":17,"tombstone:raider_killed":2,"minecraft:sleep_in_bed":7,"minecraft:time_since_rest":37203,"minecraft:damage_taken":6370,"minecraft:trigger_trapped_chest":4,"minecraft:damage_dealt":21352,"tombstone:cast_on_ally":0,"minecraft:swim_one_cm":3432,"minecraft:player_kills":3,"minecraft:fly_one_cm":541409,"minecraft:open_chest":32,"minecraft:crouch_one_cm":15295,"tombstone:undead_killed":46,"minecraft:fall_one_cm":100509},"minecraft:used":{"minecraft:stone_sword":271,"tombstone:scroll_of_frost_resistance":1,"minecraft:chest":3,"minecraft:shield":89,"minecraft:iron_sword":211,"botania:black_mystical_flower":4,"tombstone:lollipop":3,"minecraft:rotten_flesh":1,"minecraft:torch":394,"minecraft:dirt":6,"minecraft:granite":1,"minecraft:iron_axe":33,"minecraft:furnace":4,"tombstone:gift":4,"minecraft:egg":2,"minecraft:cooked_beef":5,"tombstone:scroll_of_mercy":1,"minecraft:oak_planks":1,"minecraft:stone_pickaxe":44,"minecraft:wooden_pickaxe":42,"minecraft:white_wool":2,"minecraft:golden_apple":1,"minecraft:crafting_table":7,"minecraft:apple":2,"minecraft:bread":76,"minecraft:iron_pickaxe":606,"tombstone:grave_key":4,"minecraft:stone_axe":46,"minecraft:cobblestone":45,"minecraft:birch_log":12,"minecraft:soul_torch":1},"minecraft:broken":{"minecraft:stone_sword":2,"minecraft:wooden_pickaxe":1,"minecraft:shield":1,"minecraft:stone_axe":1,"minecraft:iron_pickaxe":2}},"DataVersion":3465}