{"stats":{"minecraft:dropped":{"minecraft:iron_ingot":8,"minecraft:glass_bottle":1,"minecraft:book":21,"minecraft:leather":7,"minecraft:magenta_bed":1,"minecraft:chainmail_helmet":1,"minecraft:coal":64,"minecraft:golden_apple":1,"paraglider:spirit_orb":2,"minecraft:emerald":4,"minecraft:stick":15,"minecraft:dirt":2,"tombstone:bag_of_seeds":1,"tombstone:magic_scroll":1,"minecraft:mutton":3,"tombstone:grave_dust":4,"mysticalagriculture:prosperity_shard":40,"minecraft:iron_axe":1,"minecraft:iron_pickaxe":2,"minecraft:iron_shovel":1,"minecraft:string":2,"minecraft:birch_log":25,"minecraft:redstone":4,"minecraft:gold_ingot":1,"minecraft:bone":5,"minecraft:crimson_fungus":128,"minecraft:iron_nugget":1,"minecraft:cobbled_deepslate":9,"minecraft:tuff":1,"tombstone:gift":2,"minecraft:obsidian":7,"minecraft:raw_iron":52,"minecraft:rotten_flesh":2,"minecraft:oak_planks":1,"minecraft:iron_boots":1,"evilcraft:flesh_humanoid":1,"minecraft:gunpowder":2,"mysticalagriculture:inferium_essence":48,"apotheosis:gem":5,"minecraft:arrow":5,"minecraft:beef":9,"botania:black_lotus":2,"botania:lime_mushroom":4},"minecraft:mined":{"mysticalagriculture:prosperity_ore":13,"minecraft:diamond_ore":2,"minecraft:tuff":10,"minecraft:deepslate_diamond_ore":5,"minecraft:granite":9,"minecraft:grass_block":9,"mysticalagriculture:inferium_ore":43,"minecraft:spawner":8,"minecraft:hay_block":23,"minecraft:redstone_ore":5,"minecraft:furnace":4,"minecraft:iron_ore":172,"minecraft:cobbled_deepslate":1,"minecraft:fire":2,"minecraft:andesite":4,"evilcraft:dark_ore":19,"minecraft:deepslate_lapis_ore":12,"minecraft:bookshelf":7,"minecraft:pointed_dripstone":6,"minecraft:deepslate_iron_ore":77,"minecraft:vine":1,"minecraft:stone":278,"minecraft:deepslate_redstone_ore":8,"minecraft:soul_torch":1,"botania:lime_mushroom":1,"minecraft:stone_brick_slab":1,"minecraft:crafting_table":4,"minecraft:torch":6,"botania:yellow_double_flower":1,"minecraft:chest":1,"minecraft:tall_grass":13,"minecraft:cobblestone":2,"minecraft:deepslate_coal_ore":11,"minecraft:deepslate_gold_ore":19,"minecraft:oak_planks":1,"minecraft:diorite":5,"botania:black_mystical_flower":4,"minecraft:wall_torch":8,"minecraft:black_stained_glass":2,"evilcraft:dark_ore_deepslate":13,"minecraft:birch_log":5,"minecraft:magenta_bed":1,"minecraft:birch_leaves":1,"minecraft:stone_brick_stairs":2,"minecraft:grass":20,"minecraft:oak_log":19,"minecraft:coal_ore":405,"minecraft:dripstone_block":2,"minecraft:gravel":7,"minecraft:dirt":5,"minecraft:cobweb":29,"mysticalagriculture:deepslate_prosperity_ore":22,"minecraft:stone_bricks":1,"minecraft:chipped_anvil":1,"minecraft:gold_ore":8,"minecraft:infested_stone":1,"mysticalagriculture:deepslate_inferium_ore":20,"minecraft:oak_leaves":8,"minecraft:deepslate":36,"minecraft:fern":5},"minecraft:crafted":{"minecraft:oak_planks":76,"minecraft:furnace":4,"minecraft:cooked_mutton":2,"patchouli:guide_book":1,"minecraft:iron_axe":2,"minecraft:stone_pickaxe":1,"minecraft:chest":3,"minecraft:wheat":207,"minecraft:cooked_beef":12,"sophisticatedbackpacks:backpack":1,"minecraft:crafting_table":4,"minecraft:wooden_pickaxe":1,"minecraft:iron_sword":2,"minecraft:birch_planks":68,"minecraft:stone_axe":1,"minecraft:bread":69,"minecraft:air":0,"minecraft:shield":1,"minecraft:stick":204,"minecraft:iron_ingot":4,"minecraft:iron_pickaxe":5,"minecraft:stone_sword":2,"minecraft:torch":504},"minecraft:killed_by":{"grimoireofgaia:flesh_lich":1,"minecraft:vindicator":1,"grimoireofgaia:bone_knight":4,"grimoireofgaia:minotaurus":2,"minecraft:witch":1,"minecraft:zombie":2},"minecraft:picked_up":{"minecraft:crafting_table":5,"minecraft:chainmail_boots":1,"minecraft:turtle_helmet":1,"minecraft:potion":1,"minecraft:stone_brick_stairs":2,"minecraft:string":56,"minecraft:iron_axe":1,"minecraft:raw_copper":1,"minecraft:iron_leggings":1,"minecraft:iron_shovel":3,"mysticalagriculture:inferium_essence":267,"minecraft:gold_nugget":4,"minecraft:cobbled_deepslate":45,"minecraft:beef":21,"minecraft:iron_nugget":4,"minecraft:iron_pickaxe":3,"minecraft:chest":1,"minecraft:furnace":4,"minecraft:egg":2,"minecraft:iron_boots":1,"minecraft:stick":23,"minecraft:raw_iron":117,"apotheosis:gem":16,"minecraft:torch":28,"mysticalagriculture:prosperity_shard":134,"minecraft:pointed_dripstone":14,"tombstone:grave_dust":16,"minecraft:diorite":7,"minecraft:redstone":69,"tombstone:lollipop":7,"botania:black_lotus":2,"minecraft:stone_shovel":1,"minecraft:arrow":18,"minecraft:rotten_flesh":56,"minecraft:hay_block":23,"minecraft:saddle":1,"minecraft:gold_ingot":26,"minecraft:obsidian":7,"minecraft:mutton":6,"minecraft:white_wool":3,"minecraft:cobblestone":292,"minecraft:birch_log":79,"minecraft:andesite":3,"minecraft:leather":18,"minecraft:birch_planks":82,"paraglider:spirit_orb":16,"minecraft:crimson_fungus":128,"minecraft:tuff":8,"minecraft:oak_log":19,"evilcraft:flesh_humanoid":3,"minecraft:magenta_bed":1,"minecraft:gunpowder":8,"minecraft:lapis_lazuli":71,"minecraft:dirt":11,"tombstone:gift":1,"botania:black_mystical_flower":4,"minecraft:cooked_mutton":1,"minecraft:bone":18,"minecraft:chipped_anvil":1,"minecraft:stone_bricks":2,"minecraft:bow":1,"minecraft:raw_gold":2,"minecraft:iron_ingot":191,"tombstone:bag_of_seeds":3,"minecraft:glass_bottle":1,"minecraft:iron_sword":1,"minecraft:oak_planks":2,"minecraft:book":43,"grimoireofgaia:zombie_staff":2,"botania:yellow_double_flower":1,"minecraft:stone_brick_slab":1,"minecraft:dripstone_block":10,"minecraft:gravel":7,"minecraft:soul_torch":1,"botania:lime_mushroom":5,"minecraft:leather_helmet":1,"tombstone:scroll_of_mercy":1,"artifacts:plastic_drinking_hat":1,"minecraft:bundle":2,"minecraft:diamond":7,"minecraft:chainmail_leggings":2,"evilcraft:dark_gem":137,"minecraft:granite":10,"minecraft:golden_apple":1,"minecraft:emerald":5,"minecraft:chainmail_helmet":2,"tombstone:magic_scroll":2,"minecraft:oak_sapling":5,"minecraft:coal":598},"minecraft:killed":{"minecraft:witch":2,"minecraft:spider":22,"minecraft:vindicator":1,"grimoireofgaia:minotaurus":1,"minecraft:skeleton":14,"grimoireofgaia:mimic":3,"minecraft:silverfish":1,"grimoireofgaia:flesh_lich":2,"artifacts:mimic":2,"minecraft:piglin":5,"minecraft:pig":1,"grimoireofgaia:bone_knight":3,"minecraft:creeper":1,"minecraft:sheep":3,"minecraft:zombie":56,"grimoireofgaia:deathword":2,"grimoireofgaia:werecat":1,"minecraft:cow":7},"minecraft:custom":{"minecraft:mob_kills":131,"minecraft:interact_with_crafting_table":38,"minecraft:open_barrel":4,"minecraft:damage_dealt_resisted":0,"minecraft:leave_game":10,"minecraft:time_since_death":3023,"minecraft:climb_one_cm":4020,"minecraft:damage_resisted":0,"minecraft:sprint_one_cm":610323,"minecraft:walk_one_cm":586903,"minecraft:damage_blocked_by_shield":2854,"minecraft:drop":365,"tombstone:eaten_lollipop":7,"minecraft:talked_to_villager":1,"minecraft:play_time":274229,"minecraft:sneak_time":10605,"minecraft:deaths":12,"minecraft:walk_under_water_one_cm":12816,"minecraft:jump":4377,"minecraft:walk_on_water_one_cm":21154,"minecraft:total_world_time":274700,"minecraft:interact_with_furnace":21,"tombstone:raider_killed":3,"minecraft:sleep_in_bed":8,"minecraft:time_since_rest":2935,"minecraft:damage_taken":9613,"minecraft:damage_absorbed":79,"minecraft:trigger_trapped_chest":4,"minecraft:damage_dealt":31359,"tombstone:cast_on_ally":0,"minecraft:swim_one_cm":4021,"minecraft:player_kills":3,"minecraft:fly_one_cm":666623,"minecraft:open_chest":42,"minecraft:crouch_one_cm":21256,"tombstone:undead_killed":75,"minecraft:fall_one_cm":140161},"minecraft:used":{"minecraft:stone_sword":271,"minecraft:iron_shovel":8,"tombstone:scroll_of_frost_resistance":2,"minecraft:chest":3,"minecraft:shield":89,"minecraft:iron_sword":389,"botania:black_mystical_flower":4,"tombstone:lollipop":7,"minecraft:rotten_flesh":4,"minecraft:torch":690,"minecraft:dirt":6,"minecraft:granite":1,"minecraft:iron_axe":34,"minecraft:furnace":6,"tombstone:gift":4,"minecraft:egg":2,"minecraft:cooked_beef":12,"minecraft:pointed_dripstone":3,"minecraft:cobbled_deepslate":12,"minecraft:cooked_mutton":3,"tombstone:scroll_of_mercy":1,"minecraft:diorite":5,"minecraft:birch_planks":14,"minecraft:oak_planks":1,"minecraft:stone_pickaxe":44,"minecraft:wooden_pickaxe":42,"minecraft:white_wool":2,"minecraft:golden_apple":4,"minecraft:crafting_table":10,"minecraft:apple":2,"minecraft:bread":76,"minecraft:iron_pickaxe":1217,"tombstone:grave_key":7,"minecraft:stone_axe":46,"minecraft:cobblestone":45,"minecraft:andesite":1,"minecraft:birch_log":12,"minecraft:soul_torch":1},"minecraft:broken":{"minecraft:leather_helmet":1,"minecraft:chainmail_leggings":1,"minecraft:stone_sword":2,"minecraft:wooden_pickaxe":1,"minecraft:shield":1,"minecraft:stone_axe":1,"minecraft:iron_pickaxe":4}},"DataVersion":3465}