{"stats":{"minecraft:dropped":{"minecraft:iron_ingot":8,"minecraft:wheat_seeds":3,"minecraft:glass_bottle":2,"minecraft:book":21,"minecraft:leather":7,"minecraft:magenta_bed":1,"minecraft:chainmail_helmet":1,"minecraft:coal":64,"minecraft:golden_apple":1,"paraglider:spirit_orb":2,"minecraft:emerald":4,"minecraft:stick":15,"minecraft:dirt":74,"tombstone:bag_of_seeds":1,"minecraft:diorite":1,"tombstone:magic_scroll":1,"minecraft:mutton":3,"tombstone:grave_dust":4,"mysticalagriculture:prosperity_shard":40,"minecraft:iron_axe":1,"minecraft:iron_pickaxe":2,"minecraft:iron_shovel":1,"minecraft:string":2,"minecraft:birch_log":25,"minecraft:redstone":4,"minecraft:gold_ingot":1,"minecraft:bone":5,"minecraft:crimson_fungus":128,"minecraft:iron_nugget":1,"minecraft:cobbled_deepslate":9,"minecraft:tuff":1,"tombstone:gift":2,"minecraft:obsidian":7,"minecraft:raw_iron":52,"minecraft:rotten_flesh":16,"minecraft:oak_planks":1,"minecraft:iron_boots":1,"sophisticatedbackpacks:backpack":1,"evilcraft:flesh_humanoid":1,"minecraft:gunpowder":2,"mysticalagriculture:inferium_essence":48,"apotheosis:gem":5,"minecraft:arrow":5,"minecraft:beef":9,"botania:black_lotus":2,"botania:lime_mushroom":4},"minecraft:mined":{"mysticalagriculture:prosperity_ore":26,"minecraft:diamond_ore":2,"minecraft:tuff":10,"minecraft:deepslate_diamond_ore":5,"minecraft:granite":10,"minecraft:grass_block":54,"mysticalagriculture:inferium_ore":43,"minecraft:spawner":10,"minecraft:hay_block":23,"minecraft:redstone_ore":5,"minecraft:furnace":5,"minecraft:iron_ore":219,"minecraft:cobbled_deepslate":6,"minecraft:fire":2,"minecraft:andesite":22,"evilcraft:dark_ore":25,"minecraft:deepslate_lapis_ore":12,"minecraft:bookshelf":7,"minecraft:pointed_dripstone":8,"minecraft:deepslate_iron_ore":77,"minecraft:vine":4,"minecraft:stone":382,"minecraft:deepslate_redstone_ore":8,"minecraft:soul_torch":1,"botania:lime_mushroom":1,"minecraft:stone_brick_slab":1,"minecraft:crafting_table":4,"minecraft:torch":6,"botania:yellow_double_flower":1,"minecraft:chest":5,"minecraft:tall_grass":19,"minecraft:cobblestone":11,"minecraft:deepslate_coal_ore":11,"minecraft:deepslate_gold_ore":19,"minecraft:oak_planks":1,"minecraft:diorite":5,"botania:black_mystical_flower":4,"minecraft:wall_torch":11,"minecraft:black_stained_glass":2,"evilcraft:dark_ore_deepslate":13,"minecraft:birch_log":5,"minecraft:magenta_bed":1,"minecraft:birch_leaves":1,"minecraft:stone_brick_stairs":2,"minecraft:grass":33,"minecraft:oak_log":23,"minecraft:coal_ore":473,"minecraft:dripstone_block":2,"minecraft:gravel":7,"minecraft:dirt":5,"minecraft:cobweb":29,"mysticalagriculture:deepslate_prosperity_ore":22,"minecraft:stone_bricks":1,"minecraft:chipped_anvil":2,"minecraft:gold_ore":14,"minecraft:infested_stone":1,"mysticalagriculture:deepslate_inferium_ore":20,"minecraft:oak_leaves":13,"minecraft:deepslate":36,"minecraft:fern":5},"minecraft:crafted":{"minecraft:oak_planks":76,"minecraft:furnace":4,"minecraft:cooked_mutton":2,"patchouli:guide_book":1,"minecraft:iron_axe":2,"minecraft:stone_pickaxe":1,"minecraft:chest":29,"minecraft:wheat":207,"minecraft:cooked_beef":15,"sophisticatedbackpacks:backpack":1,"minecraft:crafting_table":5,"minecraft:wooden_pickaxe":1,"minecraft:iron_sword":2,"minecraft:birch_planks":68,"minecraft:stone_axe":1,"minecraft:bread":69,"minecraft:air":0,"minecraft:shield":1,"minecraft:stick":208,"minecraft:iron_ingot":61,"minecraft:iron_pickaxe":6,"minecraft:stone_sword":2,"minecraft:gold_ingot":2,"minecraft:torch":504},"minecraft:killed_by":{"minecraft:player":1,"minecraft:spider":1,"grimoireofgaia:flesh_lich":1,"minecraft:vindicator":1,"grimoireofgaia:bone_knight":4,"grimoireofgaia:minotaurus":2,"minecraft:skeleton":1,"grimoireofgaia:harpy":1,"minecraft:witch":1,"minecraft:zombie":2},"minecraft:picked_up":{"minecraft:crafting_table":5,"minecraft:wheat":1,"minecraft:chainmail_boots":1,"minecraft:turtle_helmet":1,"minecraft:potion":1,"minecraft:stone_brick_stairs":2,"minecraft:string":63,"minecraft:iron_axe":1,"minecraft:raw_copper":1,"minecraft:iron_leggings":1,"minecraft:iron_shovel":3,"mysticalagriculture:inferium_essence":269,"minecraft:gold_nugget":4,"minecraft:cobbled_deepslate":49,"minecraft:beef":24,"minecraft:iron_nugget":7,"minecraft:iron_pickaxe":3,"minecraft:chest":5,"minecraft:furnace":5,"minecraft:egg":2,"minecraft:iron_boots":1,"minecraft:stick":23,"minecraft:raw_iron":117,"apotheosis:gem":18,"minecraft:torch":37,"mysticalagriculture:prosperity_shard":164,"sophisticatedbackpacks:backpack":1,"minecraft:pointed_dripstone":20,"tombstone:grave_dust":19,"minecraft:diorite":7,"minecraft:carrot":28,"minecraft:redstone":69,"tombstone:lollipop":7,"botania:black_lotus":2,"minecraft:stone_shovel":1,"minecraft:arrow":20,"minecraft:rotten_flesh":65,"minecraft:hay_block":23,"evilcraft:condensed_blood":50,"minecraft:saddle":1,"minecraft:gold_ingot":32,"minecraft:obsidian":7,"minecraft:mutton":6,"minecraft:white_wool":3,"minecraft:cobblestone":412,"minecraft:birch_log":79,"minecraft:feather":4,"minecraft:andesite":19,"minecraft:leather":18,"minecraft:birch_planks":82,"paraglider:spirit_orb":20,"minecraft:crimson_fungus":128,"minecraft:tuff":8,"minecraft:oak_log":65,"evilcraft:flesh_humanoid":3,"minecraft:magenta_bed":1,"minecraft:gunpowder":9,"minecraft:lapis_lazuli":71,"minecraft:dirt":248,"tombstone:gift":1,"botania:black_mystical_flower":4,"minecraft:cooked_mutton":1,"minecraft:bone":21,"minecraft:chipped_anvil":2,"minecraft:stone_bricks":2,"minecraft:bow":1,"minecraft:wheat_seeds":13,"minecraft:raw_gold":2,"minecraft:iron_ingot":237,"tombstone:bag_of_seeds":3,"minecraft:glass_bottle":1,"minecraft:iron_sword":1,"minecraft:oak_planks":2,"minecraft:book":43,"grimoireofgaia:zombie_staff":2,"botania:yellow_double_flower":1,"minecraft:stone_brick_slab":1,"minecraft:dripstone_block":10,"minecraft:gravel":7,"minecraft:soul_torch":1,"botania:lime_mushroom":5,"minecraft:spider_eye":2,"minecraft:leather_helmet":1,"tombstone:scroll_of_mercy":1,"artifacts:plastic_drinking_hat":1,"minecraft:bundle":2,"minecraft:diamond":7,"minecraft:chainmail_leggings":3,"evilcraft:dark_gem":164,"minecraft:granite":11,"minecraft:golden_apple":1,"minecraft:emerald":5,"minecraft:chainmail_helmet":2,"tombstone:magic_scroll":3,"minecraft:oak_sapling":6,"minecraft:coal":729},"minecraft:killed":{"minecraft:witch":2,"minecraft:spider":27,"minecraft:vindicator":1,"grimoireofgaia:minotaurus":1,"minecraft:skeleton":16,"grimoireofgaia:mimic":3,"minecraft:drowned":1,"minecraft:silverfish":1,"grimoireofgaia:flesh_lich":2,"artifacts:mimic":2,"minecraft:piglin":5,"minecraft:pig":1,"grimoireofgaia:bone_knight":3,"minecraft:creeper":4,"minecraft:sheep":3,"minecraft:zombie":58,"grimoireofgaia:deathword":2,"grimoireofgaia:harpy":3,"grimoireofgaia:werecat":1,"minecraft:cow":8},"minecraft:custom":{"minecraft:interact_with_anvil":2,"minecraft:mob_kills":148,"minecraft:interact_with_crafting_table":43,"minecraft:open_barrel":4,"minecraft:damage_dealt_resisted":1050,"minecraft:leave_game":10,"minecraft:time_since_death":14257,"minecraft:climb_one_cm":4169,"minecraft:damage_resisted":195,"minecraft:sprint_one_cm":745393,"minecraft:walk_one_cm":767515,"minecraft:damage_blocked_by_shield":2854,"minecraft:drop":373,"tombstone:eaten_lollipop":7,"minecraft:damage_dealt_absorbed":119,"minecraft:talked_to_villager":2,"minecraft:play_time":346229,"minecraft:sneak_time":12502,"minecraft:deaths":16,"minecraft:walk_under_water_one_cm":14317,"minecraft:jump":5313,"minecraft:walk_on_water_one_cm":22279,"minecraft:total_world_time":346700,"minecraft:interact_with_furnace":28,"tombstone:raider_killed":3,"minecraft:sleep_in_bed":11,"minecraft:time_since_rest":11501,"minecraft:damage_taken":11409,"minecraft:damage_absorbed":119,"minecraft:trigger_trapped_chest":4,"minecraft:damage_dealt":35951,"tombstone:cast_on_ally":0,"minecraft:swim_one_cm":4021,"minecraft:player_kills":3,"minecraft:fly_one_cm":894114,"minecraft:open_chest":207,"minecraft:crouch_one_cm":26028,"tombstone:undead_killed":80,"minecraft:fall_one_cm":162363},"minecraft:used":{"minecraft:stone_sword":271,"minecraft:iron_shovel":61,"tombstone:scroll_of_frost_resistance":2,"minecraft:chest":33,"minecraft:shield":89,"minecraft:iron_sword":446,"botania:black_mystical_flower":4,"tombstone:lollipop":7,"minecraft:rotten_flesh":4,"minecraft:torch":827,"minecraft:dirt":82,"minecraft:granite":2,"minecraft:chipped_anvil":2,"tombstone:tablet_of_cupidity":1,"minecraft:iron_axe":79,"minecraft:bow":6,"minecraft:oak_sapling":6,"minecraft:furnace":7,"tombstone:gift":4,"minecraft:egg":2,"minecraft:cooked_beef":14,"minecraft:pointed_dripstone":13,"minecraft:cobbled_deepslate":25,"minecraft:cooked_mutton":3,"tombstone:scroll_of_mercy":1,"minecraft:diorite":5,"minecraft:birch_planks":14,"minecraft:oak_planks":1,"minecraft:stone_pickaxe":44,"minecraft:wooden_pickaxe":42,"tombstone:tablet_of_guard":1,"minecraft:white_wool":2,"minecraft:golden_apple":6,"minecraft:crafting_table":11,"tombstone:tablet_of_home":2,"minecraft:apple":2,"minecraft:bread":77,"minecraft:iron_pickaxe":1507,"tombstone:grave_key":13,"minecraft:stone_axe":46,"minecraft:cobblestone":96,"minecraft:andesite":17,"minecraft:birch_log":12,"minecraft:soul_torch":1},"minecraft:broken":{"minecraft:leather_helmet":1,"minecraft:chainmail_leggings":1,"minecraft:stone_sword":2,"minecraft:chainmail_helmet":1,"minecraft:chainmail_boots":1,"minecraft:wooden_pickaxe":1,"minecraft:chainmail_chestplate":1,"minecraft:shield":1,"minecraft:stone_axe":1,"minecraft:iron_pickaxe":5}},"DataVersion":3465}