{"stats":{"minecraft:crafted":{"minecraft:oak_planks":76,"minecraft:crafting_table":1,"minecraft:bread":69,"minecraft:wheat":207},"minecraft:custom":{"minecraft:time_since_rest":5095,"minecraft:crouch_one_cm":74,"minecraft:sprint_one_cm":23320,"minecraft:play_time":18088,"minecraft:damage_taken":90,"minecraft:walk_one_cm":14431,"minecraft:sneak_time":155,"minecraft:walk_under_water_one_cm":56,"minecraft:jump":144,"minecraft:leave_game":3,"minecraft:walk_on_water_one_cm":1183,"minecraft:time_since_death":18088,"minecraft:sleep_in_bed":1,"minecraft:total_world_time":18559,"minecraft:swim_one_cm":1948,"minecraft:interact_with_crafting_table":2,"minecraft:fall_one_cm":6034,"minecraft:fly_one_cm":39120},"minecraft:used":{"minecraft:crafting_table":1,"minecraft:bread":3,"minecraft:oak_planks":1},"minecraft:mined":{"minecraft:grass":5,"minecraft:hay_block":23,"minecraft:oak_log":19,"minecraft:tall_grass":2,"minecraft:oak_planks":1,"minecraft:crafting_table":1,"minecraft:oak_leaves":8},"minecraft:picked_up":{"minecraft:crafting_table":1,"minecraft:stick":7,"minecraft:hay_block":23,"minecraft:oak_log":19,"minecraft:oak_sapling":5,"minecraft:oak_planks":1}},"DataVersion":3465}